brand,name,price,currency,image,filename,product_url
Habitat,Habitat Coleman Pendant - Copper,35,GBP,https://media.4rgos.it/i/Argos/9628081_R_Z001A,9628081.jpg,https://www.habitat.co.uk/product/9628081
Habitat,Habitat Abas Bubble Glass Pendant Shade - Chrome,32,GBP,https://media.4rgos.it/i/Argos/9445769_R_Z001A,9445769.jpg,https://www.habitat.co.uk/product/9445769
Habitat,Habitat Rayner 3 Arm Flush to Ceiling Light - Black,35,GBP,https://media.4rgos.it/i/Argos/3247846_R_Z001A,3247846.jpg,https://www.habitat.co.uk/product/3247846
Habitat,Habitat Criss Cross Flush to Ceiling Light - Chrome,37,GBP,https://media.4rgos.it/i/Argos/9303739_R_Z001A,9303739.jpg,https://www.habitat.co.uk/product/9303739
Habitat,Habitat Vesper Cone 3 Light Ceiling Pendant - White ,68,GBP,https://media.4rgos.it/i/Argos/9607813_R_Z001A,9607813.jpg,https://www.habitat.co.uk/product/9607813
Philips,Philips Doris Bathroom Luminaire Flush To Ceiling Light,40,GBP,https://media.4rgos.it/i/Argos/1122585_R_Z001A,1122585.jpg,https://www.habitat.co.uk/product/1122585
Habitat,Habitat Bubble 3 Light Flush to Ceiling Light - Chrome,42,GBP,https://media.4rgos.it/i/Argos/9338481_R_Z001A,9338481.jpg,https://www.habitat.co.uk/product/9338481
Habitat,Habitat Perses Cut Glass and Brass Flush to Ceiling Light,32,GBP,https://media.4rgos.it/i/Argos/9521401_R_Z001A,9521401.jpg,https://www.habitat.co.uk/product/9521401
Philips,Philips Spray Bathroom Luminaire Flush To Ceiling Light,28,GBP,https://media.4rgos.it/i/Argos/1122578_R_Z001A,1122578.jpg,https://www.habitat.co.uk/product/1122578
Habitat,Habitat 3 Light Spotlight Plate - Brass,30,GBP,https://media.4rgos.it/i/Argos/9563366_R_Z001A,9563366.jpg,https://www.habitat.co.uk/product/9563366
Philips,Philips Super Slim Flush to Ceiling Light - Black,45,GBP,https://media.4rgos.it/i/Argos/9454956_R_Z001A,9454956.jpg,https://www.habitat.co.uk/product/9454956
Habitat,Habitat Achille Small Plywood Pendant Light - Natural,37,GBP,https://media.4rgos.it/i/Argos/8874812_R_Z001A,8874812.jpg,https://www.habitat.co.uk/product/8874812
Habitat,Habitat Coleman Pendant - Brass,35,GBP,https://media.4rgos.it/i/Argos/9612420_R_Z001A,9612420.jpg,https://www.habitat.co.uk/product/9612420
Philips,Philips Shan Indoor Motion Sensor Flush To Ceiling Light,30,GBP,https://media.4rgos.it/i/Argos/1122561_R_Z001A,1122561.jpg,https://www.habitat.co.uk/product/1122561
Habitat,Habitat Pill LED Flush to Ceiling Light- Brushed Brass,80,GBP,https://media.4rgos.it/i/Argos/9559851_R_Z001A,9559851.jpg,https://www.habitat.co.uk/product/9559851
Philips,Philips Dive Bathroom Spotlight - Chrome,8.99,GBP,https://media.4rgos.it/i/Argos/9455041_R_Z001A,9455041.jpg,https://www.habitat.co.uk/product/9455041
Habitat,Habitat Kanso Flush to Ceiling Light - Matt Black,28,GBP,https://media.4rgos.it/i/Argos/9340187_R_Z001A,9340187.jpg,https://www.habitat.co.uk/product/9340187
Philips,Philips Taragon Nickel Recessed Spotlight - Silver,6,GBP,https://media.4rgos.it/i/Argos/9454963_R_Z001A,9454963.jpg,https://www.habitat.co.uk/product/9454963
Habitat,Habitat Eumee Pressed Glass Flush To Ceiling Light - Clear,42,GBP,https://media.4rgos.it/i/Argos/9628672_R_Z001A,9628672.jpg,https://www.habitat.co.uk/product/9628672
Habitat,Habitat Tumba Mesh Flush to Ceiling Light - Black,36,GBP,https://media.4rgos.it/i/Argos/9481156_R_Z001A,9481156.jpg,https://www.habitat.co.uk/product/9481156
Philips,Philips Superslim Indoor Luminaire Flush To Ceiling Light,45,GBP,https://media.4rgos.it/i/Argos/1122547_R_Z001A,1122547.jpg,https://www.habitat.co.uk/product/1122547
Habitat,Habitat Lati Marble Glass Pendant - Black & White,60,GBP,https://media.4rgos.it/i/Argos/9573569_R_Z001A,9573569.jpg,https://www.habitat.co.uk/product/9573569
Habitat,Habitat Yuno Leaf Pendant Shade - Black and Gold,60,GBP,https://media.4rgos.it/i/Argos/9524257_R_Z001A,9524257.jpg,https://www.habitat.co.uk/product/9524257
Habitat,Habitat Aerial Spun Aluminium Pendant Light - Grey,26,GBP,https://media.4rgos.it/i/Argos/9455209_R_Z001A,9455209.jpg,https://www.habitat.co.uk/product/9455209
Habitat,Habitat Boyd Flush Ceiling Light - Brass,87,GBP,https://media.4rgos.it/i/Argos/8982687_R_Z001A,8982687.jpg,https://www.habitat.co.uk/product/8982687
Habitat,Habitat Hayle Tortoise Shell 4 Light Ceiling Light - Brass,75,GBP,https://media.4rgos.it/i/Argos/5792571_R_Z001A,5792571.jpg,https://www.habitat.co.uk/product/5792571
Habitat,Habitat Este 4 Light Spot light - Brass,40,GBP,https://media.4rgos.it/i/Argos/9633722_R_Z001A,9633722.jpg,https://www.habitat.co.uk/product/9633722
Habitat,Habitat Cetus Fisherman Pendant - Satin Nickel,52,GBP,https://media.4rgos.it/i/Argos/9591565_R_Z001A,9591565.jpg,https://www.habitat.co.uk/product/9591565
Habitat,Habitat Zora 3 Tier Glass Pendant Light - Green,160,GBP,https://media.4rgos.it/i/Argos/9506639_R_Z001A,9506639.jpg,https://www.habitat.co.uk/product/9506639
Habitat,Habitat Pixie Flush to Ceiling Light - Black,35,GBP,https://media.4rgos.it/i/Argos/9505623_R_Z001A,9505623.jpg,https://www.habitat.co.uk/product/9505623
Habitat,Habitat Presley Glass 3 Tier Flush to Ceiling Light - Brass,78,GBP,https://media.4rgos.it/i/Argos/9462319_R_Z001A,9462319.jpg,https://www.habitat.co.uk/product/9462319
Habitat,Habitat Rayner 5 Arm Flush to Ceiling Light - Black,42,GBP,https://media.4rgos.it/i/Argos/1518261_R_Z001A,1518261.jpg,https://www.habitat.co.uk/product/1518261
Philips,Philips LED Moire Indoor Ceiling Light - White,10,GBP,https://media.4rgos.it/i/Argos/1122554_R_Z001A,1122554.jpg,https://www.habitat.co.uk/product/1122554
Habitat,Habitat Vivian Glass LED Ceiling Light - Multicoloured,50,GBP,https://media.4rgos.it/i/Argos/9694022_R_Z001A,9694022.jpg,https://www.habitat.co.uk/product/9694022
Habitat,Habitat Neda Rope 55cm Shade - Black,46,GBP,https://media.4rgos.it/i/Argos/9604359_R_Z001A,9604359.jpg,https://www.habitat.co.uk/product/9604359
Habitat,Habitat Kiso 2 Tier Opal Flush to Ceiling Light - Black,50,GBP,https://media.4rgos.it/i/Argos/9516241_R_Z001A,9516241.jpg,https://www.habitat.co.uk/product/9516241
Habitat,Habitat Presley Glass 8 Tier Chandelier - Brass,150,GBP,https://media.4rgos.it/i/Argos/9514449_R_Z001A,9514449.jpg,https://www.habitat.co.uk/product/9514449
Habitat,Habitat Yuno Leaf Flush to Ceiling Light - Black and Gold,47,GBP,https://media.4rgos.it/i/Argos/9487521_R_Z001A,9487521.jpg,https://www.habitat.co.uk/product/9487521
Habitat,Habitat Pixie Flush to Ceiling Light - Off White,35,GBP,https://media.4rgos.it/i/Argos/9478523_R_Z001A,9478523.jpg,https://www.habitat.co.uk/product/9478523
Habitat,Habitat Aerial Spun Aluminium Ceiling Light - Copper ,32,GBP,https://media.4rgos.it/i/Argos/9419056_R_Z001A,9419056.jpg,https://www.habitat.co.uk/product/9419056
Habitat,Habitat Lockie Brushed Brass Pendant Ceiling light - Gold,12,GBP,https://media.4rgos.it/i/Argos/9406179_R_Z001A,9406179.jpg,https://www.habitat.co.uk/product/9406179
Habitat,Habitat Alonso 9 Light Flush to Ceiling Light -Black & White,130,GBP,https://media.4rgos.it/i/Argos/9405998_R_Z001A,9405998.jpg,https://www.habitat.co.uk/product/9405998
Habitat,Habitat Rayner 3 Light Flush Ceiling Light - Brass,35,GBP,https://media.4rgos.it/i/Argos/9048946_R_Z001A,9048946.jpg,https://www.habitat.co.uk/product/9048946
Habitat,Habitat Rayner 3 Arm Flush Ceiling Light - Rose Gold,35,GBP,https://media.4rgos.it/i/Argos/8927226_R_Z001A,8927226.jpg,https://www.habitat.co.uk/product/8927226
Habitat,Habitat Vivian Glass 3 Light LED Ceiling Light - Green,135,GBP,https://media.4rgos.it/i/Argos/9656125_R_Z001A,9656125.jpg,https://www.habitat.co.uk/product/9656125
Habitat,Habitat Pavo LED Pendant Light With Diffuser - Teal,80,GBP,https://media.4rgos.it/i/Argos/9632981_R_Z001A,9632981.jpg,https://www.habitat.co.uk/product/9632981
Habitat,Habitat Pixie Pewter Fisherman Light – Black,37,GBP,https://media.4rgos.it/i/Argos/9622135_R_Z001A,9622135.jpg,https://www.habitat.co.uk/product/9622135
Habitat,Habitat Guii 2 Tier Rattan Pendant Light - Natural,85,GBP,https://media.4rgos.it/i/Argos/9611050_R_Z001A,9611050.jpg,https://www.habitat.co.uk/product/9611050
Habitat,Habitat Apus Rattan Pendant - Whitewash,65,GBP,https://media.4rgos.it/i/Argos/9602155_R_Z001A,9602155.jpg,https://www.habitat.co.uk/product/9602155
Habitat,Habitat Webb 5 Light Cluster Pendant - Glass & Brass,110,GBP,https://media.4rgos.it/i/Argos/9600573_R_Z001A,9600573.jpg,https://www.habitat.co.uk/product/9600573
Habitat,Habitat LED Bar Light - Black,95,GBP,https://media.4rgos.it/i/Argos/9597428_R_Z001A,9597428.jpg,https://www.habitat.co.uk/product/9597428
Habitat,Habitat Yang 2 Tier LED Glass Chandelier - Chrome,170,GBP,https://media.4rgos.it/i/Argos/9584448_R_Z001A,9584448.jpg,https://www.habitat.co.uk/product/9584448
Habitat,Habitat Pill LED Flush to Ceiling light- Chrome,85,GBP,https://media.4rgos.it/i/Argos/9555628_R_Z001A,9555628.jpg,https://www.habitat.co.uk/product/9555628
Habitat,Habitat Pixie Pewter Metal Pendant Light - Nickel Finish ,38,GBP,https://media.4rgos.it/i/Argos/9551835_R_Z001A,9551835.jpg,https://www.habitat.co.uk/product/9551835
Habitat,Habitat Coleman 3 Light Bar Pendant - Copper,100,GBP,https://media.4rgos.it/i/Argos/9536128_R_Z001A,9536128.jpg,https://www.habitat.co.uk/product/9536128
Habitat,Habitat Ori Dimple Glass Pendant - Clear,55,GBP,https://media.4rgos.it/i/Argos/9525067_R_Z001A,9525067.jpg,https://www.habitat.co.uk/product/9525067
Habitat,Habitat Pavo Matte With Diffuser LED Pendant Light - White,80,GBP,https://media.4rgos.it/i/Argos/9518971_R_Z001A,9518971.jpg,https://www.habitat.co.uk/product/9518971
Habitat,Habitat Jonna Bathroom Flush Ceiling Light -Dark Blue &Glass,65,GBP,https://media.4rgos.it/i/Argos/9518799_R_Z001A,9518799.jpg,https://www.habitat.co.uk/product/9518799
Habitat,Habitat Chuck 4 Light Flush to Ceiling Light - Brushed Brass,54,GBP,https://media.4rgos.it/i/Argos/9495111_R_Z001A,9495111.jpg,https://www.habitat.co.uk/product/9495111
Habitat,Habitat Pixie Pendant Light - Off White,17.5,GBP,https://media.4rgos.it/i/Argos/9488094_R_Z001A,9488094.jpg,https://www.habitat.co.uk/product/9488094
Habitat,Habitat Capella Empire Chandelier - Brushed Brass,61.32,GBP,https://media.4rgos.it/i/Argos/9486333_R_Z001A,9486333.jpg,https://www.habitat.co.uk/product/9486333
Habitat,Habitat Nyos Spider 5 Light Chandelier - Black & Brass,90,GBP,https://media.4rgos.it/i/Argos/9483570_R_Z001A,9483570.jpg,https://www.habitat.co.uk/product/9483570
Habitat,Habitat Kiso Opal 3 Tier Pendant Shade - Brass,55,GBP,https://media.4rgos.it/i/Argos/9474864_R_Z001A,9474864.jpg,https://www.habitat.co.uk/product/9474864
Habitat,Habitat Tay 4 Light Flush to Ceiling Light - Grey & Brass,45,GBP,https://media.4rgos.it/i/Argos/9467644_R_Z001A,9467644.jpg,https://www.habitat.co.uk/product/9467644
Philips,Philips Hue Cher Flush to Ceiling Light - Black,180,GBP,https://media.4rgos.it/i/Argos/9455120_R_Z001A,9455120.jpg,https://www.habitat.co.uk/product/9455120
Philips,Philips Hue Being Flush to Ceiling Light - Black,140,GBP,https://media.4rgos.it/i/Argos/9455106_R_Z001A,9455106.jpg,https://www.habitat.co.uk/product/9455106
Philips,Philips Centura Hue Recessed Spotlight - Silver,55,GBP,https://media.4rgos.it/i/Argos/9455096_R_Z001A,9455096.jpg,https://www.habitat.co.uk/product/9455096
Philips,Philips Hue Centris 3 Light Flush to Ceiling Light - Black,380,GBP,https://media.4rgos.it/i/Argos/9455072_R_Z001A,9455072.jpg,https://www.habitat.co.uk/product/9455072
Philips,Philip Taragon Nickel Recessed Spotlight - Set of 3,12.5,GBP,https://media.4rgos.it/i/Argos/9454994_R_Z001A,9454994.jpg,https://www.habitat.co.uk/product/9454994
Habitat,Habitat Molecular 6 Light Flush to Ceiling Light - Brass,82,GBP,https://media.4rgos.it/i/Argos/9409406_R_Z001A,9409406.jpg,https://www.habitat.co.uk/product/9409406
Habitat,Habitat Alonso 6 Light Flush to Ceiling Light - White,90,GBP,https://media.4rgos.it/i/Argos/9405981_R_Z001A,9405981.jpg,https://www.habitat.co.uk/product/9405981
Habitat,Habitat Spiral LED Pendant Ceiling Light - Chrome,120,GBP,https://media.4rgos.it/i/Argos/9405486_R_Z001A,9405486.jpg,https://www.habitat.co.uk/product/9405486
Habitat,Habitat Diablo Glass Flush to Ceiling Light - White,52,GBP,https://media.4rgos.it/i/Argos/9374029_R_Z001A,9374029.jpg,https://www.habitat.co.uk/product/9374029
Habitat,Habitat Metal Diablo Flush to Ceiling Light - Grey,45,GBP,https://media.4rgos.it/i/Argos/9348213_R_Z001A,9348213.jpg,https://www.habitat.co.uk/product/9348213
Habitat,Habitat Moore Ceiling Light - Black,52.5,GBP,https://media.4rgos.it/i/Argos/9312926_R_Z001A,9312926.jpg,https://www.habitat.co.uk/product/9312926
Habitat,Habitat Bow Flush to Ceiling Light - Chrome,46,GBP,https://media.4rgos.it/i/Argos/9309551_R_Z001A,9309551.jpg,https://www.habitat.co.uk/product/9309551
Habitat,Habitat Boyd Glass & Metal Pendant Light - Brass,62,GBP,https://media.4rgos.it/i/Argos/9308301_R_Z001A,9308301.jpg,https://www.habitat.co.uk/product/9308301
Habitat,Habitat Mirin Flush to Ceiling Light - Chrome,21,GBP,https://media.4rgos.it/i/Argos/8906766_R_Z001A,8906766.jpg,https://www.habitat.co.uk/product/8906766
Habitat,Habitat Rayner 3 Arm Flush to Ceiling Light - Chrome,35,GBP,https://media.4rgos.it/i/Argos/8113621_R_Z001A,8113621.jpg,https://www.habitat.co.uk/product/8113621
Habitat,Habitat Glam 6 Light Glass Ceiling Light – Chrome,82,GBP,https://media.4rgos.it/i/Argos/7996973_R_Z001A,7996973.jpg,https://www.habitat.co.uk/product/7996973
Habitat,Habitat Glam 6 Light Glass Ceiling Light – Gold,90,GBP,https://media.4rgos.it/i/Argos/7835340_R_Z001A,7835340.jpg,https://www.habitat.co.uk/product/7835340
Habitat,Habitat Tires Alabaster Ceiling Pendant Light -Brushed Brass,70,GBP,https://media.4rgos.it/i/Argos/4075990_R_Z001A,4075990.jpg,https://www.habitat.co.uk/product/4075990
Habitat,Habitat Atollo Set of 4 LED Colour Changing Strip Lights,32,GBP,https://media.4rgos.it/i/Argos/3166697_R_Z001A,3166697.jpg,https://www.habitat.co.uk/product/3166697
Habitat,Habitat Atollo Set of 4 LED Strip Lights - White,28,GBP,https://media.4rgos.it/i/Argos/3142934_R_Z001A,3142934.jpg,https://www.habitat.co.uk/product/3142934
Habitat,Habitat Opal Metal Bathroom Flush to Ceiling Light- Black,70,GBP,https://media.4rgos.it/i/Argos/2067405_R_Z001A,2067405.jpg,https://www.habitat.co.uk/product/2067405
Habitat,Habitat Eero Floor Lamp,50,GBP,https://media.4rgos.it/i/Argos/9411645_R_Z001A,9411645.jpg,https://www.habitat.co.uk/product/9411645
Habitat,Habitat Morlie Floor Lamp - Matt Black,30,GBP,https://media.4rgos.it/i/Argos/7596139_R_Z001A,7596139.jpg,https://www.habitat.co.uk/product/7596139
Habitat,Habitat Skandi Floor Lamp - Grey,50,GBP,https://media.4rgos.it/i/Argos/3204274_R_Z001A,3204274.jpg,https://www.habitat.co.uk/product/3204274
Habitat,Habitat Achille Ash Wooden Tripod Floor Lamp - Oak,125,GBP,https://media.4rgos.it/i/Argos/9615489_R_Z001A,9615489.jpg,https://www.habitat.co.uk/product/9615489
Habitat,Habitat Morlie Floor Lamp - Matt Grey,30,GBP,https://media.4rgos.it/i/Argos/7544837_R_Z001A,7544837.jpg,https://www.habitat.co.uk/product/7544837
Habitat,Habitat Benson Floor Lamp - Mustard,37,GBP,https://media.4rgos.it/i/Argos/9210114_R_Z001A,9210114.jpg,https://www.habitat.co.uk/product/9210114
Habitat,Habitat Tripod Floor Lamp - Grey and Chrome,39,GBP,https://media.4rgos.it/i/Argos/9132742_R_Z001A,9132742.jpg,https://www.habitat.co.uk/product/9132742
Habitat,Habitat Matt Tripod Floor Lamp - Black,37,GBP,https://media.4rgos.it/i/Argos/8838298_R_Z001A,8838298.jpg,https://www.habitat.co.uk/product/8838298
Habitat,Habitat Rayner Floor Lamp - Rose Gold,32,GBP,https://media.4rgos.it/i/Argos/9222061_R_Z001A,9222061.jpg,https://www.habitat.co.uk/product/9222061
Habitat,Habitat Satin Stick Floor Lamp - Mustard,35,GBP,https://media.4rgos.it/i/Argos/8726128_R_Z001A,8726128.jpg,https://www.habitat.co.uk/product/8726128
Habitat,Habitat Curva Floor Lamp - Copper,37,GBP,https://media.4rgos.it/i/Argos/7098936_R_Z001A,7098936.jpg,https://www.habitat.co.uk/product/7098936
Habitat,Habitat Kanso Floor Lamp - Black,45,GBP,https://media.4rgos.it/i/Argos/8973122_R_Z001A,8973122.jpg,https://www.habitat.co.uk/product/8973122
Habitat,Habitat Clane Arch Floor Lamp - Black,75,GBP,https://media.4rgos.it/i/Argos/8345482_R_Z001A,8345482.jpg,https://www.habitat.co.uk/product/8345482
Habitat,Habitat Pole Floor Lamp Base Only - Oak,115,GBP,https://media.4rgos.it/i/Argos/9456033_R_Z001A,9456033.jpg,https://www.habitat.co.uk/product/9456033
Habitat,Habitat Tripod Floor Lamp - Mustard and Chrome,37,GBP,https://media.4rgos.it/i/Argos/9336335_R_Z001A,9336335.jpg,https://www.habitat.co.uk/product/9336335
Habitat,Habitat Sirit Floor Lamp - Natural,75,GBP,https://media.4rgos.it/i/Argos/9218783_R_Z001A,9218783.jpg,https://www.habitat.co.uk/product/9218783
Habitat,Habitat Pole Floor Lamp Base - Walnut,115,GBP,https://media.4rgos.it/i/Argos/8977568_R_Z001A,8977568.jpg,https://www.habitat.co.uk/product/8977568
Habitat,Habitat Rayner Floor Lamp - Chrome,32,GBP,https://media.4rgos.it/i/Argos/8340834_R_Z001A,8340834.jpg,https://www.habitat.co.uk/product/8340834
Habitat,Habitat Industrial Tripod Floor Lamp,110,GBP,https://media.4rgos.it/i/Argos/2023683_R_Z001A,2023683.jpg,https://www.habitat.co.uk/product/2023683
Habitat,Habitat Iras Double Head Floor Lamp - Grey,58,GBP,https://media.4rgos.it/i/Argos/9404779_R_Z001A,9404779.jpg,https://www.habitat.co.uk/product/9404779
Habitat,Habitat Rayner Floor Lamp - Brass,32,GBP,https://media.4rgos.it/i/Argos/8172648_R_Z001A,8172648.jpg,https://www.habitat.co.uk/product/8172648
Habitat,Habitat Global Rope Base Floor Lamp - Natural,68,GBP,https://media.4rgos.it/i/Argos/7653591_R_Z001A,7653591.jpg,https://www.habitat.co.uk/product/7653591
Habitat,Habitat Column Floor Lamp - Mustard,25,GBP,https://media.4rgos.it/i/Argos/7615577_R_Z001A,7615577.jpg,https://www.habitat.co.uk/product/7615577
Habitat,Habitat Clane Chrome Arch Floor Lamp - Cream,75,GBP,https://media.4rgos.it/i/Argos/7603242_R_Z001A,7603242.jpg,https://www.habitat.co.uk/product/7603242
Habitat,Habitat Thasia Floor Lamp - Black and White,130,GBP,https://media.4rgos.it/i/Argos/9405730_R_Z001A,9405730.jpg,https://www.habitat.co.uk/product/9405730
Habitat,Habitat Iras Copper 2 Light Floor Lamp - Copper,68,GBP,https://media.4rgos.it/i/Argos/9404827_R_Z001A,9404827.jpg,https://www.habitat.co.uk/product/9404827
Habitat,Habitat Satin Stick Floor Lamp - Rose Gold & Blush Pink,37,GBP,https://media.4rgos.it/i/Argos/9334337_R_Z001A,9334337.jpg,https://www.habitat.co.uk/product/9334337
Habitat,Habitat Country Hideaway Floor Lamp - Cream,52,GBP,https://media.4rgos.it/i/Argos/8865058_R_Z001A,8865058.jpg,https://www.habitat.co.uk/product/8865058
Habitat,Habitat Bubble 3 Light Floor Lamp - Chrome,110,GBP,https://media.4rgos.it/i/Argos/8864987_R_Z001A,8864987.jpg,https://www.habitat.co.uk/product/8864987
Habitat,Habitat Arbaa Woven Column Floor Lamp - Natural,110,GBP,https://media.4rgos.it/i/Argos/9622939_R_Z001A,9622939.jpg,https://www.habitat.co.uk/product/9622939
Habitat,Habitat Coleman Floor Lamp - Copper,90,GBP,https://media.4rgos.it/i/Argos/9594531_R_Z001A,9594531.jpg,https://www.habitat.co.uk/product/9594531
Habitat,Habitat Manor House Floor Lamp - Brass,100,GBP,https://media.4rgos.it/i/Argos/9406375_R_Z001A,9406375.jpg,https://www.habitat.co.uk/product/9406375
Habitat,Habitat Spiral LED Tripod Floor Lamp - Chrome,67.5,GBP,https://media.4rgos.it/i/Argos/9405479_R_Z001A,9405479.jpg,https://www.habitat.co.uk/product/9405479
Habitat,Habitat Satin Stick Floor Lamp - Super White,35,GBP,https://media.4rgos.it/i/Argos/6871958_R_Z001A,6871958.jpg,https://www.habitat.co.uk/product/6871958
Habitat,Habitat Jalonee Double Arm  Floor Lamp - Black & Brass,85,GBP,https://media.4rgos.it/i/Argos/9616127_R_Z001A,9616127.jpg,https://www.habitat.co.uk/product/9616127
Habitat,Habitat Dasni Floor Lamp - Marble & Brass,90,GBP,https://media.4rgos.it/i/Argos/9598867_R_Z001A,9598867.jpg,https://www.habitat.co.uk/product/9598867
Habitat,Habitat Vesper Cone Task Floor Lamp - White ,65,GBP,https://media.4rgos.it/i/Argos/9572632_R_Z001A,9572632.jpg,https://www.habitat.co.uk/product/9572632
Habitat,Habitat Nalone Arc Floor Lamp – Chrome & Marble,170,GBP,https://media.4rgos.it/i/Argos/9562415_R_Z001A,9562415.jpg,https://www.habitat.co.uk/product/9562415
Habitat,Habitat Tripod Wooden Floor Lamp Base Only - Ash,135,GBP,https://media.4rgos.it/i/Argos/9412888_R_Z001A,9412888.jpg,https://www.habitat.co.uk/product/9412888
Habitat,Habitat Sagara Opal Shelf Floor Lamp - Black,100,GBP,https://media.4rgos.it/i/Argos/9401318_R_Z001A,9401318.jpg,https://www.habitat.co.uk/product/9401318
Habitat,Habitat Whiteleaf Printed Column Floor Lamp - Black & White,65,GBP,https://media.4rgos.it/i/Argos/9201910_R_Z001A,9201910.jpg,https://www.habitat.co.uk/product/9201910
Habitat,Habitat Satin Stick Floor Lamp - Cream,35,GBP,https://media.4rgos.it/i/Argos/8913498_R_Z001A,8913498.jpg,https://www.habitat.co.uk/product/8913498
Habitat,Habitat Benson Floor Lamp - Blue,37,GBP,https://media.4rgos.it/i/Argos/8846761_R_Z001A,8846761.jpg,https://www.habitat.co.uk/product/8846761
Habitat,Habitat Sio LED Floor Lamp - Black,145,GBP,https://media.4rgos.it/i/Argos/9629585_R_Z001A,9629585.jpg,https://www.habitat.co.uk/product/9629585
Habitat,Habitat Pill LED Floor Lamp - Brushed Chrome,175,GBP,https://media.4rgos.it/i/Argos/9597806_R_Z001A,9597806.jpg,https://www.habitat.co.uk/product/9597806
Habitat,Habitat Ivar Floor Lamp - Grey,46,GBP,https://media.4rgos.it/i/Argos/9588657_R_Z001A,9588657.jpg,https://www.habitat.co.uk/product/9588657
Habitat,Habitat Pill LED Floor Lamp - Brushed Brass,175,GBP,https://media.4rgos.it/i/Argos/9542569_R_Z001A,9542569.jpg,https://www.habitat.co.uk/product/9542569
Habitat,Habitat Aoki Bamboo Shelved Floor Lamp,115,GBP,https://media.4rgos.it/i/Argos/9521700_R_Z001A,9521700.jpg,https://www.habitat.co.uk/product/9521700
Habitat,Habitat Glam 6 Light Glass Floor Lamp – Gold,125,GBP,https://media.4rgos.it/i/Argos/9487916_R_Z001A,9487916.jpg,https://www.habitat.co.uk/product/9487916
Habitat,Habitat Tripod Floor Lamp Base - Walnut Stain,135,GBP,https://media.4rgos.it/i/Argos/9407271_R_Z001A,9407271.jpg,https://www.habitat.co.uk/product/9407271
Habitat,Habitat Scarcus Frame LED Floor lamp - Black,120,GBP,https://media.4rgos.it/i/Argos/9405802_R_Z001A,9405802.jpg,https://www.habitat.co.uk/product/9405802
Habitat,Habitat Iras Brass 2 Light Floor Lamp - Gold,68,GBP,https://media.4rgos.it/i/Argos/9404834_R_Z001A,9404834.jpg,https://www.habitat.co.uk/product/9404834
Habitat,Habitat Wallace Complete Floor Lamp - Oak,175,GBP,https://media.4rgos.it/i/Argos/9375169_R_Z001A,9375169.jpg,https://www.habitat.co.uk/product/9375169
Habitat,Habitat Achille Floor Lamp - Walnut,120,GBP,https://media.4rgos.it/i/Argos/9202483_R_Z001A,9202483.jpg,https://www.habitat.co.uk/product/9202483
Habitat,Habitat Achille Japonica Floor Lamp - Ash,120,GBP,https://media.4rgos.it/i/Argos/9202270_R_Z001A,9202270.jpg,https://www.habitat.co.uk/product/9202270
Habitat,Habitat 3 Light Floor Lamp,65,GBP,https://media.4rgos.it/i/Argos/9168187_R_Z001A,9168187.jpg,https://www.habitat.co.uk/product/9168187
Habitat,Habitat Rayner Industrial Floor Lamp - Black,32,GBP,https://media.4rgos.it/i/Argos/8438399_R_Z001A,8438399.jpg,https://www.habitat.co.uk/product/8438399
Habitat,Habitat Rattan Arc Floor Lamp - Cream and Black,80,GBP,https://media.4rgos.it/i/Argos/8024789_R_Z001A,8024789.jpg,https://www.habitat.co.uk/product/8024789
Habitat,Habitat Swing Arm Floor Lamp - Matt Black,35,GBP,https://media.4rgos.it/i/Argos/7929184_R_Z001A,7929184.jpg,https://www.habitat.co.uk/product/7929184
Habitat,Habitat Global Fretwork Floor Lamp,85,GBP,https://media.4rgos.it/i/Argos/7883543_R_Z001A,7883543.jpg,https://www.habitat.co.uk/product/7883543
Habitat,Habitat Wilderness Large Arc Floor Lamp,140,GBP,https://media.4rgos.it/i/Argos/3447529_R_Z001A,3447529.jpg,https://www.habitat.co.uk/product/3447529
Habitat,Habitat Silby LED Soft Touch Desk Lamp - White,16,GBP,https://media.4rgos.it/i/Argos/8361648_R_Z001A,8361648.jpg,https://www.habitat.co.uk/product/8361648
Habitat,Habitat Ribbed Globe Table Lamp - White & Natural,25,GBP,https://media.4rgos.it/i/Argos/4588982_R_Z001A,4588982.jpg,https://www.habitat.co.uk/product/4588982
Habitat,Habitat Abas Bubble Glass Table Lamp - Cream,37,GBP,https://media.4rgos.it/i/Argos/9489732_R_Z001A,9489732.jpg,https://www.habitat.co.uk/product/9489732
Habitat,Habitat Lizzie Desk Lamp - Orange,16,GBP,https://media.4rgos.it/i/Argos/9407707_R_Z001A,9407707.jpg,https://www.habitat.co.uk/product/9407707
Habitat,Habitat Yuri Afterglow Table Lamp - Gold & Glass,35,GBP,https://media.4rgos.it/i/Argos/4163716_R_Z001A,4163716.jpg,https://www.habitat.co.uk/product/4163716
Habitat,Habitat Abono Desk Lamp - Matt Black,16,GBP,https://media.4rgos.it/i/Argos/9573112_R_Z001A,9573112.jpg,https://www.habitat.co.uk/product/9573112
Habitat,Habitat Pair of Touch Table Lamps - Flint Grey and Chrome,21,GBP,https://media.4rgos.it/i/Argos/4553230_R_Z001A,4553230.jpg,https://www.habitat.co.uk/product/4553230
Habitat,Habitat Pair of Touch Table Lamps - Super White,20,GBP,https://media.4rgos.it/i/Argos/7006320_R_Z001A,7006320.jpg,https://www.habitat.co.uk/product/7006320
Habitat,Habitat Duno Touch Table Lamp - Copper & Pink,15,GBP,https://media.4rgos.it/i/Argos/7644191_R_Z001A,7644191.jpg,https://www.habitat.co.uk/product/7644191
Habitat,Habitat Mopsa Clip Lamp - White,18,GBP,https://media.4rgos.it/i/Argos/9405259_R_Z001A,9405259.jpg,https://www.habitat.co.uk/product/9405259
Habitat,Habitat Caliban Globe Table Lamp - Orange,20,GBP,https://media.4rgos.it/i/Argos/9404580_R_Z001A,9404580.jpg,https://www.habitat.co.uk/product/9404580
Habitat,Habitat Mopsa LED Desk Lamp - Black,18,GBP,https://media.4rgos.it/i/Argos/9405187_R_Z001A,9405187.jpg,https://www.habitat.co.uk/product/9405187
Habitat,Habitat Mopsa Clip Lamp - Black,18,GBP,https://media.4rgos.it/i/Argos/9405338_R_Z001A,9405338.jpg,https://www.habitat.co.uk/product/9405338
Habitat,Habitat Pluto Touch Table Lamp - Copper & Grey,20,GBP,https://media.4rgos.it/i/Argos/9179846_R_Z001A,9179846.jpg,https://www.habitat.co.uk/product/9179846
Habitat,Habitat Caliban Globe Table Lamp - White,20,GBP,https://media.4rgos.it/i/Argos/9404511_R_Z001A,9404511.jpg,https://www.habitat.co.uk/product/9404511
Habitat,Habitat Pallas Cork Desk Lamp - Natural,16,GBP,https://media.4rgos.it/i/Argos/9441189_R_Z001A,9441189.jpg,https://www.habitat.co.uk/product/9441189
Habitat,Habitat Maya Pair of Touch Table Lamps - Grey,25,GBP,https://media.4rgos.it/i/Argos/5724790_R_Z001A,5724790.jpg,https://www.habitat.co.uk/product/5724790
Habitat,Habitat Conical Ceramic Table Lamp - Beige & Olive,55,GBP,https://media.4rgos.it/i/Argos/9610264_R_Z001A,9610264.jpg,https://www.habitat.co.uk/product/9610264
Habitat,Habitat Desk Lamp - White,12,GBP,https://media.4rgos.it/i/Argos/9103465_R_Z001A,9103465.jpg,https://www.habitat.co.uk/product/9103465
Habitat,Habitat Largo Touch Table Lamp - Grey & Chrome,28,GBP,https://media.4rgos.it/i/Argos/8031741_R_Z001A,8031741.jpg,https://www.habitat.co.uk/product/8031741
Habitat,Habitat Bobby Desk Lamp - Steel,28,GBP,https://media.4rgos.it/i/Argos/1719307_R_Z001A,1719307.jpg,https://www.habitat.co.uk/product/1719307
Habitat,Habitat Bobby Desk Lamp - Black,26,GBP,https://media.4rgos.it/i/Argos/9433616_R_Z001A,9433616.jpg,https://www.habitat.co.uk/product/9433616
Habitat,Habitat Lucetta Glass Table Lamp - White,20,GBP,https://media.4rgos.it/i/Argos/9404645_R_Z001A,9404645.jpg,https://www.habitat.co.uk/product/9404645
Habitat,Habitat Maya Pair of Touch Table Lamps - Silver & Cream,25,GBP,https://media.4rgos.it/i/Argos/4975894_R_Z001A,4975894.jpg,https://www.habitat.co.uk/product/4975894
Habitat,Habitat Hashi Tall Ceramic Table Lamp - Black ,80,GBP,https://media.4rgos.it/i/Argos/9563603_R_Z001A,9563603.jpg,https://www.habitat.co.uk/product/9563603
Habitat,Habitat Sirit Table Lamp - Natural,30,GBP,https://media.4rgos.it/i/Argos/9336799_R_Z001A,9336799.jpg,https://www.habitat.co.uk/product/9336799
Habitat,Habitat Mid Century Pleated Column Table Lamp - Yellow,22,GBP,https://media.4rgos.it/i/Argos/8180252_R_Z001A,8180252.jpg,https://www.habitat.co.uk/product/8180252
Habitat,Habitat Pip Wooden Table Lamp Base Only - Natural,22,GBP,https://media.4rgos.it/i/Argos/8993566_R_Z001A,8993566.jpg,https://www.habitat.co.uk/product/8993566
Habitat,Habitat Tripod Table Lamp - Mustard and Chrome,20,GBP,https://media.4rgos.it/i/Argos/8980531_R_Z001A,8980531.jpg,https://www.habitat.co.uk/product/8980531
Habitat,Habitat Modern Scandi Touch Table Lamp - Ash Grey & Oak,32,GBP,https://media.4rgos.it/i/Argos/9561887_R_Z001A,9561887.jpg,https://www.habitat.co.uk/product/9561887
Habitat,Habitat Ngami Mushroom Touch Table Lamp - Blue,25,GBP,https://media.4rgos.it/i/Argos/9521535_R_Z001A,9521535.jpg,https://www.habitat.co.uk/product/9521535
Habitat,Habitat Kids Star Cut Out Table Lamp - Grey,20,GBP,https://media.4rgos.it/i/Argos/9511129_R_Z001A,9511129.jpg,https://www.habitat.co.uk/product/9511129
Habitat,Habitat Swing Arm Desk Lamp - Matt Black,25,GBP,https://media.4rgos.it/i/Argos/7073841_R_Z001A,7073841.jpg,https://www.habitat.co.uk/product/7073841
Habitat,Habitat Rahnn Confetti Glass Table Lamp - White,30,GBP,https://media.4rgos.it/i/Argos/1970421_R_Z001A,1970421.jpg,https://www.habitat.co.uk/product/1970421
Habitat,Habitat Silby LED Soft Touch Desk Lamp - Black,16,GBP,https://media.4rgos.it/i/Argos/7601127_R_Z001A,7601127.jpg,https://www.habitat.co.uk/product/7601127
Habitat,Habitat Loft Industrial Clamp Light - Charcoal,22,GBP,https://media.4rgos.it/i/Argos/9526190_R_Z001A,9526190.jpg,https://www.habitat.co.uk/product/9526190
Habitat,Habitat Benson Table Lamp - Blue,24,GBP,https://media.4rgos.it/i/Argos/9197457_R_Z001A,9197457.jpg,https://www.habitat.co.uk/product/9197457
Habitat,Habitat Tripod Table Lamp - Grey and Chrome,20,GBP,https://media.4rgos.it/i/Argos/8569282_R_Z001A,8569282.jpg,https://www.habitat.co.uk/product/8569282
Habitat,Habitat Arbaa Woven Column Table Lamp - Natural,37,GBP,https://media.4rgos.it/i/Argos/9589175_R_Z001A,9589175.jpg,https://www.habitat.co.uk/product/9589175
Habitat,Habitat Abono Touch Lamp - Copper & Cream,16,GBP,https://media.4rgos.it/i/Argos/9571884_R_Z001A,9571884.jpg,https://www.habitat.co.uk/product/9571884
Habitat,Habitat Satin Stick Table Lamp - Rose Gold & Blush Pink,14,GBP,https://media.4rgos.it/i/Argos/8887665_R_Z001A,8887665.jpg,https://www.habitat.co.uk/product/8887665
Habitat,Habitat Luiss Rattan Table Lamp - Orange,43,GBP,https://media.4rgos.it/i/Argos/9575639_R_Z001A,9575639.jpg,https://www.habitat.co.uk/product/9575639
Habitat,Habitat Hashi Tall Ceramic Table Lamp - Off White,80,GBP,https://media.4rgos.it/i/Argos/9553273_R_Z001A,9553273.jpg,https://www.habitat.co.uk/product/9553273
Habitat,Habitat Tempe Table Lamp - Brass,50,GBP,https://media.4rgos.it/i/Argos/9488647_R_Z001A,9488647.jpg,https://www.habitat.co.uk/product/9488647
Habitat,Habitat Astraeus Ceramic Table Lamp - White,65,GBP,https://media.4rgos.it/i/Argos/9481307_R_Z001A,9481307.jpg,https://www.habitat.co.uk/product/9481307
Habitat,Habitat Perses Cut Glass Pill Touch Table Lamp,35,GBP,https://media.4rgos.it/i/Argos/9448687_R_Z001A,9448687.jpg,https://www.habitat.co.uk/product/9448687
Habitat,Habitat Bubble Table Lamp - Chrome,37,GBP,https://media.4rgos.it/i/Argos/8594721_R_Z001A,8594721.jpg,https://www.habitat.co.uk/product/8594721
Habitat,Habitat Satin Stick Table Lamp - Natural,12,GBP,https://media.4rgos.it/i/Argos/8176314_R_Z001A,8176314.jpg,https://www.habitat.co.uk/product/8176314
Habitat,Habitat Japonica Crane Table Lamp - Teal & Gold,50,GBP,https://media.4rgos.it/i/Argos/9498400_R_Z001A,9498400.jpg,https://www.habitat.co.uk/product/9498400
Habitat,Habitat Aoki Bamboo Table Lamp,21,GBP,https://media.4rgos.it/i/Argos/9495166_R_Z001A,9495166.jpg,https://www.habitat.co.uk/product/9495166
Habitat,Habitat Le Marais Ribbed Glass Table Lamp Base Only - Clear,30,GBP,https://media.4rgos.it/i/Argos/9404968_R_Z001A,9404968.jpg,https://www.habitat.co.uk/product/9404968
Habitat,Habitat Parr Glass Column Table Lamp - White,20,GBP,https://media.4rgos.it/i/Argos/9404504_R_Z001A,9404504.jpg,https://www.habitat.co.uk/product/9404504
Habitat,Habitat Ngami Mushroom Touch Table Lamp - Orange,25,GBP,https://media.4rgos.it/i/Argos/9381672_R_Z001A,9381672.jpg,https://www.habitat.co.uk/product/9381672
Habitat,Habitat Rayner Table Lamp - Rose Gold,25,GBP,https://media.4rgos.it/i/Argos/8899031_R_Z001A,8899031.jpg,https://www.habitat.co.uk/product/8899031
Habitat,Habitat Maya Pair of Touch Table Lamps - Copper & Cream,25,GBP,https://media.4rgos.it/i/Argos/7157097_R_Z001A,7157097.jpg,https://www.habitat.co.uk/product/7157097
Habitat,Habitat Nels Large Circle Table Lamp - White,45,GBP,https://media.4rgos.it/i/Argos/5022887_R_Z001A,5022887.jpg,https://www.habitat.co.uk/product/5022887
Habitat,Habitat Rahnn Confetti Glass Table Lamp - Brown,30,GBP,https://media.4rgos.it/i/Argos/4637204_R_Z001A,4637204.jpg,https://www.habitat.co.uk/product/4637204
Habitat,Habitat Pair of Touch Table Lamps - Jet Black and Chrome,20,GBP,https://media.4rgos.it/i/Argos/4603465_R_Z001A,4603465.jpg,https://www.habitat.co.uk/product/4603465
Habitat,Habitat Mopsa LED Touch Desk Lamp - White,18,GBP,https://media.4rgos.it/i/Argos/9405132_R_Z001A,9405132.jpg,https://www.habitat.co.uk/product/9405132
Habitat,Habitat Satin Stick Table Lamp - Flint Grey,12,GBP,https://media.4rgos.it/i/Argos/4029953_R_Z001A,4029953.jpg,https://www.habitat.co.uk/product/4029953
Habitat,Habitat Pictor Tinted Glass Table Lamp - Green,30,GBP,https://media.4rgos.it/i/Argos/9619588_R_Z001A,9619588.jpg,https://www.habitat.co.uk/product/9619588
Habitat,Habitat Kids Giraffe Rattan Table Lamp - Black,34,GBP,https://media.4rgos.it/i/Argos/9568574_R_Z001A,9568574.jpg,https://www.habitat.co.uk/product/9568574
Habitat,Habitat Jean Colour Block Desk Lamp – Multicoloured,35,GBP,https://media.4rgos.it/i/Argos/9565711_R_Z001A,9565711.jpg,https://www.habitat.co.uk/product/9565711
Habitat,Habitat Parr Glass Column Table Lamp - Blue,20,GBP,https://media.4rgos.it/i/Argos/9404140_R_Z001A,9404140.jpg,https://www.habitat.co.uk/product/9404140
Habitat,Habitat Achille Table Lamp - Ash,68,GBP,https://media.4rgos.it/i/Argos/9202256_R_Z001A,9202256.jpg,https://www.habitat.co.uk/product/9202256
Habitat,Habitat Galaxy Table Lamp,32,GBP,https://media.4rgos.it/i/Argos/8936224_R_Z001A,8936224.jpg,https://www.habitat.co.uk/product/8936224
Habitat,Habitat Rayner Table Lamp - Brass,25,GBP,https://media.4rgos.it/i/Argos/8651248_R_Z001A,8651248.jpg,https://www.habitat.co.uk/product/8651248
Habitat,Habitat Satin Stick Table Lamp - Jet Black,12,GBP,https://media.4rgos.it/i/Argos/3043253_R_Z001A,3043253.jpg,https://www.habitat.co.uk/product/3043253
Habitat,Habitat Loft Living Tripod Table Lamp - Grey,50,GBP,https://media.4rgos.it/i/Argos/2017596_R_Z001A,2017596.jpg,https://www.habitat.co.uk/product/2017596
Beurer,Beurer TL 30 Ultra Slim SAD Therapy Light - White,70,GBP,https://media.4rgos.it/i/Argos/1151312_R_Z001A,1151312.jpg,https://www.habitat.co.uk/product/1151312
Habitat,Habitat Pill LED Table Lamp - Brushed Brass,60,GBP,https://media.4rgos.it/i/Argos/9618761_R_Z001A,9618761.jpg,https://www.habitat.co.uk/product/9618761
Habitat,Habitat Estella Glass Table Lamp - Green,65,GBP,https://media.4rgos.it/i/Argos/9522613_R_Z001A,9522613.jpg,https://www.habitat.co.uk/product/9522613
Habitat,Habitat Rayner Table Lamp - Chrome,25,GBP,https://media.4rgos.it/i/Argos/8959328_R_Z001A,8959328.jpg,https://www.habitat.co.uk/product/8959328
Habitat,Habitat Minah Table Lamp - Black & Brass,50,GBP,https://media.4rgos.it/i/Argos/2990297_R_Z001A,2990297.jpg,https://www.habitat.co.uk/product/2990297
Habitat,Habitat Ima Pebble Table Lamp - White,52,GBP,https://media.4rgos.it/i/Argos/9669954_R_Z001A,9669954.jpg,https://www.habitat.co.uk/product/9669954
Habitat,Habitat Pill LED Table Lamp - Brushed Chrome,58,GBP,https://media.4rgos.it/i/Argos/9625345_R_Z001A,9625345.jpg,https://www.habitat.co.uk/product/9625345
Habitat,Habitat Marlow Glass Table Lamp - Gold,95,GBP,https://media.4rgos.it/i/Argos/9622977_R_Z001A,9622977.jpg,https://www.habitat.co.uk/product/9622977
Habitat,Habitat Rallie Smoked Glass Terrazzo Table Lamp – Grey,35,GBP,https://media.4rgos.it/i/Argos/9595396_R_Z001A,9595396.jpg,https://www.habitat.co.uk/product/9595396
Habitat,Habitat Lynx Brush Stroke Ceramic Table Lamp - Black & White,50,GBP,https://media.4rgos.it/i/Argos/9585289_R_Z001A,9585289.jpg,https://www.habitat.co.uk/product/9585289
Habitat,Habitat Corduroy Touch Table Lamp - Mustard & Walnut,45,GBP,https://media.4rgos.it/i/Argos/9582275_R_Z001A,9582275.jpg,https://www.habitat.co.uk/product/9582275
Habitat,Habitat Aquilla Ceramic Speckle Table Lamp - Cream,35,GBP,https://media.4rgos.it/i/Argos/9578636_R_Z001A,9578636.jpg,https://www.habitat.co.uk/product/9578636
Habitat,Habitat Vesper Cone Task Table Lamp - White & Gold,45,GBP,https://media.4rgos.it/i/Argos/9559648_R_Z001A,9559648.jpg,https://www.habitat.co.uk/product/9559648
Habitat,Habitat Ivar Table Lamp - Grey,32,GBP,https://media.4rgos.it/i/Argos/9542064_R_Z001A,9542064.jpg,https://www.habitat.co.uk/product/9542064
Habitat,Habitat Marble Table Lamp - Black,58,GBP,https://media.4rgos.it/i/Argos/9532995_R_Z001A,9532995.jpg,https://www.habitat.co.uk/product/9532995
Habitat,Habitat Sio LED Table Lamp - Black,55,GBP,https://media.4rgos.it/i/Argos/9520024_R_Z001A,9520024.jpg,https://www.habitat.co.uk/product/9520024
Habitat,Habitat Vico Opal Table Lamp - Black,25,GBP,https://media.4rgos.it/i/Argos/9451942_R_Z001A,9451942.jpg,https://www.habitat.co.uk/product/9451942
Habitat,Habitat Lizzie Desk Light - Grey,16,GBP,https://media.4rgos.it/i/Argos/9443613_R_Z001A,9443613.jpg,https://www.habitat.co.uk/product/9443613
Koble,Koble Arc Desk Lamp - Black,68,GBP,https://media.4rgos.it/i/Argos/9424395_R_Z001A,9424395.jpg,https://www.habitat.co.uk/product/9424395
Koble,Koble LED Arc Desk Lamp - White,68,GBP,https://media.4rgos.it/i/Argos/9424388_R_Z001A,9424388.jpg,https://www.habitat.co.uk/product/9424388
Habitat,Habitat Achille Table Lamp - Walnut,68,GBP,https://media.4rgos.it/i/Argos/9202414_R_Z001A,9202414.jpg,https://www.habitat.co.uk/product/9202414
Habitat,Habitat Country Hideaway Tripod Table Lamp,25,GBP,https://media.4rgos.it/i/Argos/9190090_R_Z001A,9190090.jpg,https://www.habitat.co.uk/product/9190090
Habitat,Habitat Ribbon Mini Metal Table Lamp - White,50,GBP,https://media.4rgos.it/i/Argos/8989563_R_Z001A,8989563.jpg,https://www.habitat.co.uk/product/8989563
Habitat,Habitat Kanso Stick Table Lamp - Black,26,GBP,https://media.4rgos.it/i/Argos/8798589_R_Z001A,8798589.jpg,https://www.habitat.co.uk/product/8798589
Beurer,Beurer TL50 Sad Therapy Lux Light - White,110,GBP,https://media.4rgos.it/i/Argos/1151336_R_Z001A,1151336.jpg,https://www.habitat.co.uk/product/1151336
Beurer,Beurer TL 45 Perfect Day Therapy Light - White,90,GBP,https://media.4rgos.it/i/Argos/1151329_R_Z001A,1151329.jpg,https://www.habitat.co.uk/product/1151329
Habitat,Habitat Banquo Plug In Wall Light - Orange,17,GBP,https://media.4rgos.it/i/Argos/9406021_R_Z001A,9406021.jpg,https://www.habitat.co.uk/product/9406021
Habitat,Habitat Banquo Plug In Wall Light - Brass,20,GBP,https://media.4rgos.it/i/Argos/9406052_R_Z001A,9406052.jpg,https://www.habitat.co.uk/product/9406052
Habitat,Habitat Vesper Cone Wall Light - White,24,GBP,https://media.4rgos.it/i/Argos/9608915_R_Z001A,9608915.jpg,https://www.habitat.co.uk/product/9608915
Habitat,Habitat Salarino Opal Glass Bathroom Wall Light - Black,28,GBP,https://media.4rgos.it/i/Argos/9404999_R_Z001A,9404999.jpg,https://www.habitat.co.uk/product/9404999
Habitat,Habitat Serpens Shelf Wall Lamp - Opal & Ash,28,GBP,https://media.4rgos.it/i/Argos/9607394_R_Z001A,9607394.jpg,https://www.habitat.co.uk/product/9607394
Habitat,Habitat Dasni Wall Light - Green & Brass,40,GBP,https://media.4rgos.it/i/Argos/9616770_R_Z001A,9616770.jpg,https://www.habitat.co.uk/product/9616770
Habitat,Habitat Easton Opal Wall Light - Brushed Brass,15,GBP,https://media.4rgos.it/i/Argos/9521212_R_Z001A,9521212.jpg,https://www.habitat.co.uk/product/9521212
Habitat,Habitat Cowbell Spun Pewter Wall Light - Black & Gold,30,GBP,https://media.4rgos.it/i/Argos/9577345_R_Z001A,9577345.jpg,https://www.habitat.co.uk/product/9577345
Habitat,Habitat Pixie Wall Light - Off White,28,GBP,https://media.4rgos.it/i/Argos/9526750_R_Z001A,9526750.jpg,https://www.habitat.co.uk/product/9526750
Habitat,Habitat Boston Swirl LED Wall Light - Chrome,37,GBP,https://media.4rgos.it/i/Argos/8929097_R_Z001A,8929097.jpg,https://www.habitat.co.uk/product/8929097
Habitat,Habitat Tambre Raffia Wall Light - Natural,28,GBP,https://media.4rgos.it/i/Argos/9602540_R_Z001A,9602540.jpg,https://www.habitat.co.uk/product/9602540
Habitat,Habitat Ivar Wall Light - Grey,28,GBP,https://media.4rgos.it/i/Argos/9505922_R_Z001A,9505922.jpg,https://www.habitat.co.uk/product/9505922
Habitat,Habitat Opal Glass Wall Light - White,28,GBP,https://media.4rgos.it/i/Argos/9406234_R_Z001A,9406234.jpg,https://www.habitat.co.uk/product/9406234
Habitat,Habitat Industrial Plug-In Wall Light - Pewter,26,GBP,https://media.4rgos.it/i/Argos/8987101_R_Z001A,8987101.jpg,https://www.habitat.co.uk/product/8987101
Habitat,Garden by Sainsbury's Colour Change Solar Lights -Pack of 18,25,GBP,https://media.4rgos.it/i/Argos/8847674_R_Z001A,8847674.jpg,https://www.habitat.co.uk/product/8847674
Garden by Sainsbury's,Garden by Sainsbury's Set of 6 Black Solar Fence Lights,18,GBP,https://media.4rgos.it/i/Argos/8725765_R_Z001A,8725765.jpg,https://www.habitat.co.uk/product/8725765
Habitat,Habitat Mini Mushroom Solar Stake Light,10,GBP,https://media.4rgos.it/i/Argos/9560589_R_Z001A,9560589.jpg,https://www.habitat.co.uk/product/9560589
Habitat,Habitat Solar 20 Festoon Warm White Lights,20,GBP,https://media.4rgos.it/i/Argos/9133916_R_Z001A,9133916.jpg,https://www.habitat.co.uk/product/9133916
Habitat,Habitat Warm White Solar Bunting LED String Lights,15,GBP,https://media.4rgos.it/i/Argos/9627484_R_Z001A,9627484.jpg,https://www.habitat.co.uk/product/9627484
Garden by Sainsbury's,Habitat White Solar LED String Lights,10,GBP,https://media.4rgos.it/i/Argos/9614617_R_Z001A,9614617.jpg,https://www.habitat.co.uk/product/9614617
Argos Home,Garden by Sainsbury's White Motion Detector LED Solar Light,10,GBP,https://media.4rgos.it/i/Argos/9200612_R_Z001A,9200612.jpg,https://www.habitat.co.uk/product/9200612
Habitat,Habitat Solar Stainless Steel Motion 50 Lumen Detection,15,GBP,https://media.4rgos.it/i/Argos/9161373_R_Z001A,9161373.jpg,https://www.habitat.co.uk/product/9161373
Garden by Sainsbury's,Garden by Sainsbury's Solar 3 Piece Flower Stake Lights,18,GBP,https://media.4rgos.it/i/Argos/9172331_R_Z001A,9172331.jpg,https://www.habitat.co.uk/product/9172331
Habitat,Habitat Solar USB Mood Light with Remote Control,30,GBP,https://media.4rgos.it/i/Argos/4372882_R_Z001A,4372882.jpg,https://www.habitat.co.uk/product/4372882
Garden by Sainsbury's,Garden by Sainsbury's Set of 6 Solar Lightbulb Lanterns,18,GBP,https://media.4rgos.it/i/Argos/9094873_R_Z001A,9094873.jpg,https://www.habitat.co.uk/product/9094873
Habitat,Habitat Set of 2 Solar Post Lights,15,GBP,https://media.4rgos.it/i/Argos/8534262_R_Z001A,8534262.jpg,https://www.habitat.co.uk/product/8534262
Garden by Sainsbury's,Garden by Sainsbury's Solar Dancing Flame Torch - 4 Pack,30,GBP,https://media.4rgos.it/i/Argos/3066113_R_Z001A,3066113.jpg,https://www.habitat.co.uk/product/3066113
Habitat,Habitat Warm White Filament Bulb Festoon Lights,60,GBP,https://media.4rgos.it/i/Argos/9556562_R_Z001A,9556562.jpg,https://www.habitat.co.uk/product/9556562
Habitat,Habitat Pebble Shaped Solar Mood Light plus Controller,20,GBP,https://media.4rgos.it/i/Argos/9527852_R_Z001A,9527852.jpg,https://www.habitat.co.uk/product/9527852
Habitat,Habitat Warm White Solar LED Net Lights,15,GBP,https://media.4rgos.it/i/Argos/9520574_R_Z001A,9520574.jpg,https://www.habitat.co.uk/product/9520574
Habitat,Habitat Coloured Cap Filament Solar Lightbulb - Pack of 3,15,GBP,https://media.4rgos.it/i/Argos/1231744_R_Z001A,1231744.jpg,https://www.habitat.co.uk/product/1231744
Habitat,Habitat Warm White Geo Pendant Solar LED String Lights,12,GBP,https://media.4rgos.it/i/Argos/9559521_R_Z001A,9559521.jpg,https://www.habitat.co.uk/product/9559521
Habitat,Habitat Home Warm White Outdoor Tripod USB LED Solar Lamp,65,GBP,https://media.4rgos.it/i/Argos/8958240_R_Z001A,8958240.jpg,https://www.habitat.co.uk/product/8958240
Garden by Sainsbury's,Habitat Mini Candle Effect Solar Stake Lights - Pack of 6,24,GBP,https://media.4rgos.it/i/Argos/9582952_R_Z001A,9582952.jpg,https://www.habitat.co.uk/product/9582952
Habitat,Habitat Warm White Solar Rose LED String Lights,12,GBP,https://media.4rgos.it/i/Argos/9556964_R_Z001A,9556964.jpg,https://www.habitat.co.uk/product/9556964
Garden by Sainsbury's,Garden by Sainsbury's Warm White Parasol Solar String Lights,16,GBP,https://media.4rgos.it/i/Argos/9378678_R_Z001A,9378678.jpg,https://www.habitat.co.uk/product/9378678
Habitat,Habitat 10 Warm White Caged Bulb LED Solar String Lights,20,GBP,https://media.4rgos.it/i/Argos/9298057_R_Z001A,9298057.jpg,https://www.habitat.co.uk/product/9298057
Habitat,Habitat Neon Effect Bulb Solar String Light,25,GBP,https://media.4rgos.it/i/Argos/8894799_R_Z001A,8894799.jpg,https://www.habitat.co.uk/product/8894799
Habitat,Habitat Warm White Festoon Lights,60,GBP,https://media.4rgos.it/i/Argos/4496964_R_Z001A,4496964.jpg,https://www.habitat.co.uk/product/4496964
Habitat,Habitat 10 Warm White Wire Wrap LED Solar String Lights,15,GBP,https://media.4rgos.it/i/Argos/9359075_R_Z001A,9359075.jpg,https://www.habitat.co.uk/product/9359075
Habitat,Habitat Bamboo 2 Tier Pendant Shade - Black,40,GBP,https://media.4rgos.it/i/Argos/9537653_R_Z001A,9537653.jpg,https://www.habitat.co.uk/product/9537653
Habitat,Habitat Mediterranean Tannie Linen 35cm Drum Shade,20,GBP,https://media.4rgos.it/i/Argos/9617511_R_Z001A,9617511.jpg,https://www.habitat.co.uk/product/9617511
Habitat,Habitat Camillo Rattan Midi Pendant Shade - Natural,50,GBP,https://media.4rgos.it/i/Argos/9406186_R_Z001A,9406186.jpg,https://www.habitat.co.uk/product/9406186
Habitat,Habitat Gaia Velvet & Foil 40cm Drum Shade - Chive,30,GBP,https://media.4rgos.it/i/Argos/9602564_R_Z001A,9602564.jpg,https://www.habitat.co.uk/product/9602564
Habitat,Habitat Cepheus Small Wire Shade - White,18,GBP,https://media.4rgos.it/i/Argos/9521432_R_Z001A,9521432.jpg,https://www.habitat.co.uk/product/9521432
Habitat,Habitat 30cm Textured Taper Shade - Biscuit,9.5,GBP,https://media.4rgos.it/i/Argos/9428339_R_Z001A,9428339.jpg,https://www.habitat.co.uk/product/9428339
Habitat,Habitat 2 Tier Linen Mix Shade - Grey,13,GBP,https://media.4rgos.it/i/Argos/9197691_R_Z001A,9197691.jpg,https://www.habitat.co.uk/product/9197691
Habitat,Habitat Kids 25cm Drum Printed Shade,8,GBP,https://media.4rgos.it/i/Argos/9434196_R_Z001A,9434196.jpg,https://www.habitat.co.uk/product/9434196
Habitat,Habitat Cabin Retreat 30cm Block Shade - Green and White,12,GBP,https://media.4rgos.it/i/Argos/9523928_R_Z001A,9523928.jpg,https://www.habitat.co.uk/product/9523928
Habitat,Habitat Kids Little Star Print Drum Lamp Shade - Grey,8,GBP,https://media.4rgos.it/i/Argos/9656352_R_Z001A,9656352.jpg,https://www.habitat.co.uk/product/9656352
Habitat,Habitat 25cm Textured Taper Shade,7.5,GBP,https://media.4rgos.it/i/Argos/9411872_R_Z001A,9411872.jpg,https://www.habitat.co.uk/product/9411872
Habitat,Habitat Varro Easy to Fit Paper Shade - White,9,GBP,https://media.4rgos.it/i/Argos/9405383_R_Z001A,9405383.jpg,https://www.habitat.co.uk/product/9405383
Habitat,Habitat Kids Unicorn 25cm Drum Shade - Multicolour,10,GBP,https://media.4rgos.it/i/Argos/9605420_R_Z001A,9605420.jpg,https://www.habitat.co.uk/product/9605420
Habitat,Habitat Ashi Rattan 40cm Shade - Natural & Black,38,GBP,https://media.4rgos.it/i/Argos/9519602_R_Z001A,9519602.jpg,https://www.habitat.co.uk/product/9519602
Habitat,Habitat Kids Space Glow In The Dark 25cm Drum Shade - Blue,14,GBP,https://media.4rgos.it/i/Argos/9508431_R_Z001A,9508431.jpg,https://www.habitat.co.uk/product/9508431
Habitat,Habitat Kids Flower Print Paper Shade – Multicoloured,8,GBP,https://media.4rgos.it/i/Argos/9647172_R_Z001A,9647172.jpg,https://www.habitat.co.uk/product/9647172
Habitat,Habitat Kids Rainbow Paper Shade - Multicoloured,12,GBP,https://media.4rgos.it/i/Argos/9641697_R_Z001A,9641697.jpg,https://www.habitat.co.uk/product/9641697
Habitat,Habitat Japonica 49cm Silk Faux Drum Shade,33,GBP,https://media.4rgos.it/i/Argos/9443321_R_Z001A,9443321.jpg,https://www.habitat.co.uk/product/9443321
Habitat,Habitat Toba Clear Pendant Glass Shade,28,GBP,https://media.4rgos.it/i/Argos/9482791_R_Z001A,9482791.jpg,https://www.habitat.co.uk/product/9482791
Habitat,Habitat Nubia Faceted Glass Shade,22,GBP,https://media.4rgos.it/i/Argos/9453957_R_Z001A,9453957.jpg,https://www.habitat.co.uk/product/9453957
Habitat,Habitat Salto Raffia Ceiling Shade,35,GBP,https://media.4rgos.it/i/Argos/9476130_R_Z001A,9476130.jpg,https://www.habitat.co.uk/product/9476130
Habitat,Habitat 40cm Textured Taper Shade,14.5,GBP,https://media.4rgos.it/i/Argos/9466597_R_Z001A,9466597.jpg,https://www.habitat.co.uk/product/9466597
Habitat,Habitat Velez 2 Tier Shade - Teal & Mint,23,GBP,https://media.4rgos.it/i/Argos/9637663_R_Z001A,9637663.jpg,https://www.habitat.co.uk/product/9637663
Habitat,Habitat Tamora 55cm Paper Shade - White,32,GBP,https://media.4rgos.it/i/Argos/9405527_R_Z001A,9405527.jpg,https://www.habitat.co.uk/product/9405527
Habitat,Habitat Kids Drum Dash Print & Hanging Animal Ceiling Shade,14,GBP,https://media.4rgos.it/i/Argos/9382475_R_Z001A,9382475.jpg,https://www.habitat.co.uk/product/9382475
Habitat,Habitat Achille Small Plywood Pendant Light - Natural,37,GBP,https://media.4rgos.it/i/Argos/8874812_R_Z001A,8874812.jpg,https://www.habitat.co.uk/product/8874812
Habitat Kids,Habitat Kids Little Star Ceiling and Table Lamp Shade - Pink,8,GBP,https://media.4rgos.it/i/Argos/5257528_R_Z001A,5257528.jpg,https://www.habitat.co.uk/product/5257528
Habitat,Habitat Eumee Pressed Glass Shade,32,GBP,https://media.4rgos.it/i/Argos/9571183_R_Z001A,9571183.jpg,https://www.habitat.co.uk/product/9571183
Habitat,Habitat Kids Lion Paper Pendant Shade,8,GBP,https://media.4rgos.it/i/Argos/9522723_R_Z001A,9522723.jpg,https://www.habitat.co.uk/product/9522723
Habitat,Habitat 30cm Velvet Shade,15,GBP,https://media.4rgos.it/i/Argos/9425181_R_Z001A,9425181.jpg,https://www.habitat.co.uk/product/9425181
Habitat,Habitat Kanso Wire Pendant Shade,20,GBP,https://media.4rgos.it/i/Argos/9199462_R_Z001A,9199462.jpg,https://www.habitat.co.uk/product/9199462
Habitat,Habitat Skandi Geometric Shade - Grey,25,GBP,https://media.4rgos.it/i/Argos/3066443_R_Z001A,3066443.jpg,https://www.habitat.co.uk/product/3066443
Habitat,Habitat Kids Spot Moon Paper Pendant Shade - White & Blue,8,GBP,https://media.4rgos.it/i/Argos/9617164_R_Z001A,9617164.jpg,https://www.habitat.co.uk/product/9617164
Habitat,Habitat Cruz Scandi Printed 30cm Drum Shade,12,GBP,https://media.4rgos.it/i/Argos/9532287_R_Z001A,9532287.jpg,https://www.habitat.co.uk/product/9532287
Habitat,Habitat Kids Play Paper Shade - Yellow,12,GBP,https://media.4rgos.it/i/Argos/9309829_R_Z001A,9309829.jpg,https://www.habitat.co.uk/product/9309829
Habitat,Habitat Country Floral Printed 30cm Drum Shade - Grey,12,GBP,https://media.4rgos.it/i/Argos/9521322_R_Z001A,9521322.jpg,https://www.habitat.co.uk/product/9521322
Habitat,Habitat Spot Pendant Paper Shade,8,GBP,https://media.4rgos.it/i/Argos/9445800_R_Z001A,9445800.jpg,https://www.habitat.co.uk/product/9445800
Habitat,Habitat Emillius Rattan Pendant Shade,75,GBP,https://media.4rgos.it/i/Argos/9404982_R_Z001A,9404982.jpg,https://www.habitat.co.uk/product/9404982
Habitat,Habitat Manor House 35cm Floral Shade,18,GBP,https://media.4rgos.it/i/Argos/9398713_R_Z001A,9398713.jpg,https://www.habitat.co.uk/product/9398713
Habitat,Habitat Kura Origami 36cm Paper Shade - White,16,GBP,https://media.4rgos.it/i/Argos/9332487_R_Z001A,9332487.jpg,https://www.habitat.co.uk/product/9332487
Habitat,Habitat Global Rope Shade,32,GBP,https://media.4rgos.it/i/Argos/8341857_R_Z001A,8341857.jpg,https://www.habitat.co.uk/product/8341857
Habitat,Habitat Rattan Mini Me Shade,35,GBP,https://media.4rgos.it/i/Argos/9519059_R_Z001A,9519059.jpg,https://www.habitat.co.uk/product/9519059
Habitat,Habitat Kids Woodland Pendant Paper Shade,8,GBP,https://media.4rgos.it/i/Argos/9439153_R_Z001A,9439153.jpg,https://www.habitat.co.uk/product/9439153
Habitat,Habitat 3 Tier 30cm Lamp Shade - Flint Grey,20,GBP,https://media.4rgos.it/i/Argos/2954714_R_Z001A,2954714.jpg,https://www.habitat.co.uk/product/2954714
Habitat,Habitat Global Paper Shade - White & Black,8,GBP,https://media.4rgos.it/i/Argos/9627518_R_Z001A,9627518.jpg,https://www.habitat.co.uk/product/9627518
Habitat,Habitat 49cm Velvet Shade,32,GBP,https://media.4rgos.it/i/Argos/9467046_R_Z001A,9467046.jpg,https://www.habitat.co.uk/product/9467046
Habitat,Habitat Mediterranean Tannie Linen 49cm Drum Shade,35,GBP,https://media.4rgos.it/i/Argos/9446964_R_Z001A,9446964.jpg,https://www.habitat.co.uk/product/9446964
Habitat,Habitat Kabaka 30cm Frosted Glass Shade - Clear,32,GBP,https://media.4rgos.it/i/Argos/9431759_R_Z001A,9431759.jpg,https://www.habitat.co.uk/product/9431759
Habitat,Habitat Thaker Large Bamboo Layered Easy to Fit Shade,62,GBP,https://media.4rgos.it/i/Argos/9418507_R_Z001A,9418507.jpg,https://www.habitat.co.uk/product/9418507
Habitat,Habitat Otto 2 Tier Pendant Shade - Natural,95,GBP,https://media.4rgos.it/i/Argos/9636561_R_Z001A,9636561.jpg,https://www.habitat.co.uk/product/9636561
Habitat,Habitat Neda Rope 55cm Shade - Black,46,GBP,https://media.4rgos.it/i/Argos/9604359_R_Z001A,9604359.jpg,https://www.habitat.co.uk/product/9604359
Habitat,Habitat Hypnos Spun Bamboo 2 Tier Shade - Black,20,GBP,https://media.4rgos.it/i/Argos/9523832_R_Z001A,9523832.jpg,https://www.habitat.co.uk/product/9523832
Habitat,Habitat Biwa Seagrass Pendant Shade,40,GBP,https://media.4rgos.it/i/Argos/9508493_R_Z001A,9508493.jpg,https://www.habitat.co.uk/product/9508493
Habitat,Habitat Abaya Spun Bamboo Shade,28,GBP,https://media.4rgos.it/i/Argos/9460191_R_Z001A,9460191.jpg,https://www.habitat.co.uk/product/9460191
Habitat,Habitat Kiso 2 Tier Wire Pendant Shade - Black,35,GBP,https://media.4rgos.it/i/Argos/9406430_R_Z001A,9406430.jpg,https://www.habitat.co.uk/product/9406430
Habitat,Habitat Mariana Rattan Pendant Shade - Bamboo ,70,GBP,https://media.4rgos.it/i/Argos/9404975_R_Z001A,9404975.jpg,https://www.habitat.co.uk/product/9404975
Habitat,Habitat Core Metal Shade,12,GBP,https://media.4rgos.it/i/Argos/9194601_R_Z001A,9194601.jpg,https://www.habitat.co.uk/product/9194601
Habitat,Habitat Ribbon Shade - Flint Grey,16,GBP,https://media.4rgos.it/i/Argos/9168651_R_Z001A,9168651.jpg,https://www.habitat.co.uk/product/9168651
Habitat,Habitat Indus Large Country Wire Shade - Black,36,GBP,https://media.4rgos.it/i/Argos/9602928_R_Z001A,9602928.jpg,https://www.habitat.co.uk/product/9602928
Habitat,Habitat Kids Dino Print 25cm Drum Shade - Multicolour,8,GBP,https://media.4rgos.it/i/Argos/9578605_R_Z001A,9578605.jpg,https://www.habitat.co.uk/product/9578605
Habitat,Habitat Kids Mermaid 25cm Drum Shade - Multicolour,10,GBP,https://media.4rgos.it/i/Argos/9573136_R_Z001A,9573136.jpg,https://www.habitat.co.uk/product/9573136
NA,Habitat Linen Otton 2 Tier Easy Fit Shade - Black,85,GBP,https://media.4rgos.it/i/Argos/9561478_R_Z001A,9561478.jpg,https://www.habitat.co.uk/product/9561478
Habitat,Habitat Wood 3 Tier Pendant Shade - Black,70,GBP,https://media.4rgos.it/i/Argos/9561007_R_Z001A,9561007.jpg,https://www.habitat.co.uk/product/9561007
Habitat,Habitat Pixie Pewter Metal Pendant Light - Nickel Finish ,38,GBP,https://media.4rgos.it/i/Argos/9551835_R_Z001A,9551835.jpg,https://www.habitat.co.uk/product/9551835
Habitat,Habitat Achille Plywood Pendant Shade - Walnut,75,GBP,https://media.4rgos.it/i/Argos/9361025_R_Z001A,9361025.jpg,https://www.habitat.co.uk/product/9361025
Habitat,Habitat 40cm Velvet Shade - Navy,20,GBP,https://media.4rgos.it/i/Argos/9431508_R_Z001A,9431508.jpg,https://www.habitat.co.uk/product/9431508
Habitat,Habitat Mid Century Printed Shade - Multicolour,15,GBP,https://media.4rgos.it/i/Argos/8886831_R_Z001A,8886831.jpg,https://www.habitat.co.uk/product/8886831
Philips,Philips LED 25W A60 E27 ES Classic Light Bulb - Gold,7,GBP,https://media.4rgos.it/i/Argos/8539250_R_Z001A,8539250.jpg,https://www.habitat.co.uk/product/8539250
Philips,Philips LED 15W P45 E14 SES Classic Light Bulb - Gold,7,GBP,https://media.4rgos.it/i/Argos/8467243_R_Z001A,8467243.jpg,https://www.habitat.co.uk/product/8467243
Osram,Osram 4W Filament LED Candle SES Bulbs - Twin Pack,6.5,GBP,https://media.4rgos.it/i/Argos/8379441_R_Z001A,8379441.jpg,https://www.habitat.co.uk/product/8379441
Osram,Osram 5W LED Full Glass GU10 Bulb - Twin Pack,8,GBP,https://media.4rgos.it/i/Argos/8439477_R_Z001A,8439477.jpg,https://www.habitat.co.uk/product/8439477
Philips,Philips LED 25W G93 E27 ES Classic Light Bulb - Gold,11,GBP,https://media.4rgos.it/i/Argos/9161995_R_Z001A,9161995.jpg,https://www.habitat.co.uk/product/9161995
Philips,Philips 60W LED A60 ES Light Bulb,6,GBP,https://media.4rgos.it/i/Argos/8987345_R_Z001A,8987345.jpg,https://www.habitat.co.uk/product/8987345
Philips,Philips 60W LED A60 BC Light Bulb,6,GBP,https://media.4rgos.it/i/Argos/8987352_R_Z001A,8987352.jpg,https://www.habitat.co.uk/product/8987352
Osram,Osram 4W Filament LED Classic Glass ES GLS Bulb - Twin Pack,9.5,GBP,https://media.4rgos.it/i/Argos/8266994_R_Z001A,8266994.jpg,https://www.habitat.co.uk/product/8266994
Philips,Philips 150W LED A67 ES Light Bulb,13,GBP,https://media.4rgos.it/i/Argos/8988014_R_Z001A,8988014.jpg,https://www.habitat.co.uk/product/8988014
Philips,Philips 40W LED A60 B22 Clear Light Bulb - Single Pack,6,GBP,https://media.4rgos.it/i/Argos/8987321_R_Z001A,8987321.jpg,https://www.habitat.co.uk/product/8987321
Philips,Philips 40W LED B35 SES Light Bulb,6,GBP,https://media.4rgos.it/i/Argos/8987493_R_Z001A,8987493.jpg,https://www.habitat.co.uk/product/8987493
Philips,Philips 40W LED A60 ES Light Bulb,5,GBP,https://media.4rgos.it/i/Argos/8987307_R_Z001A,8987307.jpg,https://www.habitat.co.uk/product/8987307
Philips,Philips 40W LED P45 ES Light Bulb,6.5,GBP,https://media.4rgos.it/i/Argos/8987699_R_Z001A,8987699.jpg,https://www.habitat.co.uk/product/8987699
Philips,Philips LED 15W P45 E27 ES Classic Light Bulb - Gold,7,GBP,https://media.4rgos.it/i/Argos/8905310_R_Z001A,8905310.jpg,https://www.habitat.co.uk/product/8905310
Osram,Osram Vintage 1906 3W LED Warm White Globe Bulb,9.5,GBP,https://media.4rgos.it/i/Argos/8807377_R_Z001A,8807377.jpg,https://www.habitat.co.uk/product/8807377
Osram,Osram 55W ES LED Glass Vintage Gold Light Bulb,6.5,GBP,https://media.4rgos.it/i/Argos/9211883_R_Z001A,9211883.jpg,https://www.habitat.co.uk/product/9211883
Osram,Osram Vintage 1906 5W LED Warm White Mini-Globe Bulb,8.5,GBP,https://media.4rgos.it/i/Argos/8873136_R_Z001A,8873136.jpg,https://www.habitat.co.uk/product/8873136
Osram,Osram 6W LED BC Filament Light Bulb - 2 Pack,10.5,GBP,https://media.4rgos.it/i/Argos/8510114_R_Z001A,8510114.jpg,https://www.habitat.co.uk/product/8510114
Osram,Osram 22W ES LED Glass Vintage Gold Light Bulb,6.5,GBP,https://media.4rgos.it/i/Argos/9300127_R_Z001A,9300127.jpg,https://www.habitat.co.uk/product/9300127
Philips,Philips 200W LED A95 ES Light Bulb,15,GBP,https://media.4rgos.it/i/Argos/8988382_R_Z001A,8988382.jpg,https://www.habitat.co.uk/product/8988382
Osram,Osram 5W LED Classic ES Globe Bulb - Twin Pack,10.5,GBP,https://media.4rgos.it/i/Argos/8837835_R_Z001A,8837835.jpg,https://www.habitat.co.uk/product/8837835
Osram,Osram 6W Filament LED Classic Glass GLS Bulb- Twin Pack,9.5,GBP,https://media.4rgos.it/i/Argos/8474937_R_Z001A,8474937.jpg,https://www.habitat.co.uk/product/8474937
Osram,Osram 4W Filament LED Glass Globe SES Bulb - Twin Pack,10.5,GBP,https://media.4rgos.it/i/Argos/8456560_R_Z001A,8456560.jpg,https://www.habitat.co.uk/product/8456560
Osram,Osram Vintage 1906 3W LED E27 200 Lumens Tube Light Bulb,10.5,GBP,https://media.4rgos.it/i/Argos/3109874_R_Z001A,3109874.jpg,https://www.habitat.co.uk/product/3109874
Philips,Philips LED Filament E27 6.5W (25W) Dim Giant Bulb - Smoky,40,GBP,https://media.4rgos.it/i/Argos/9420090_R_Z001A,9420090.jpg,https://www.habitat.co.uk/product/9420090
Philips,Philips LED Filament E27 6.5W (40W) Dim Giant Bulb - Gold,50,GBP,https://media.4rgos.it/i/Argos/9404573_R_Z001A,9404573.jpg,https://www.habitat.co.uk/product/9404573
Philips,Philips LED Filament E27 6.5W (25W) Dim Giant Bulb - Smoky,40,GBP,https://media.4rgos.it/i/Argos/9382671_R_Z001A,9382671.jpg,https://www.habitat.co.uk/product/9382671
Philips,Philips LED Filament E27 6.5W (40W) Dim Giant Bulb - Gold,50,GBP,https://media.4rgos.it/i/Argos/9339552_R_Z001A,9339552.jpg,https://www.habitat.co.uk/product/9339552
Osram,Osram 28W ES LED G200 Vintage Gold Light Bulb,42,GBP,https://media.4rgos.it/i/Argos/9225336_R_Z001A,9225336.jpg,https://www.habitat.co.uk/product/9225336
Osram,Osram 5W ES LED G125 Vintage Smoke Light Bulb,17,GBP,https://media.4rgos.it/i/Argos/9210781_R_Z001A,9210781.jpg,https://www.habitat.co.uk/product/9210781
Osram,Osram 5W ES LED ST64 Vintage Smoke Light Bulb ,10.5,GBP,https://media.4rgos.it/i/Argos/9203107_R_Z001A,9203107.jpg,https://www.habitat.co.uk/product/9203107
Philips,Philips LED Filament E27 6.5W (25W) Dim Giant Bulb - Smoky,40,GBP,https://media.4rgos.it/i/Argos/9200045_R_Z001A,9200045.jpg,https://www.habitat.co.uk/product/9200045
Philips,Philips LED Filament E27 6.5W (40W) Dim Giant Bulb - Gold,50,GBP,https://media.4rgos.it/i/Argos/9193798_R_Z001A,9193798.jpg,https://www.habitat.co.uk/product/9193798
Philips,Philips LED Filament E27 6.5W (25W) Dim Giant Bulb + Cord,60,GBP,https://media.4rgos.it/i/Argos/9171246_R_Z001A,9171246.jpg,https://www.habitat.co.uk/product/9171246
Osram,Osram 40W ES LED Vintage Diamond Light Bulb,17,GBP,https://media.4rgos.it/i/Argos/9163065_R_Z001A,9163065.jpg,https://www.habitat.co.uk/product/9163065
Osram,Osram 5W LED Classic BC Globe Bulb - Twin Pack,10.5,GBP,https://media.4rgos.it/i/Argos/9079850_R_Z001A,9079850.jpg,https://www.habitat.co.uk/product/9079850
Osram,Osram 12W ES LED A160 Vintage Smoke Light Bulb,47,GBP,https://media.4rgos.it/i/Argos/8958635_R_Z001A,8958635.jpg,https://www.habitat.co.uk/product/8958635
Philips,Philips LED Filament E27 6.5W (40W) Dim Giant Bulb + Cord,70,GBP,https://media.4rgos.it/i/Argos/8957935_R_Z001A,8957935.jpg,https://www.habitat.co.uk/product/8957935
Osram,Osram 28W ES LED G200 Vintage Gold Light Bulb,42,GBP,https://media.4rgos.it/i/Argos/8905633_R_Z001A,8905633.jpg,https://www.habitat.co.uk/product/8905633
Osram,Osram 55W ES LED G125 Vintage Gold Globe Light Bulb,15,GBP,https://media.4rgos.it/i/Argos/8880480_R_Z001A,8880480.jpg,https://www.habitat.co.uk/product/8880480
Osram,Osram Vintage 1906 Caged 4W LED Warm White Edison Bulb,8.5,GBP,https://media.4rgos.it/i/Argos/8863122_R_Z001A,8863122.jpg,https://www.habitat.co.uk/product/8863122
Osram,Osram Vintage 1906 7W LED Warm White Edison Bulb,10.5,GBP,https://media.4rgos.it/i/Argos/8849627_R_Z001A,8849627.jpg,https://www.habitat.co.uk/product/8849627
Osram,Osram Vintage 1906 2.5W LED Warm White SES Candle Bulb,8.5,GBP,https://media.4rgos.it/i/Argos/8847746_R_Z001A,8847746.jpg,https://www.habitat.co.uk/product/8847746
Osram,Osram 5W LED Classic BC Candle Bulbs - Twin Pack,10.5,GBP,https://media.4rgos.it/i/Argos/8841216_R_Z001A,8841216.jpg,https://www.habitat.co.uk/product/8841216
Osram,Osram Vintage 1906 5W LED Warm White Candle Bulb,8.5,GBP,https://media.4rgos.it/i/Argos/8839118_R_Z001A,8839118.jpg,https://www.habitat.co.uk/product/8839118
Osram,Osram Vintage 1906 4W LED Warm White Globe Bulb,10.5,GBP,https://media.4rgos.it/i/Argos/8803319_R_Z001A,8803319.jpg,https://www.habitat.co.uk/product/8803319
Osram,Osram Vintage 1906 4W Warm White LED Candle Bulb,8.5,GBP,https://media.4rgos.it/i/Argos/8623441_R_Z001A,8623441.jpg,https://www.habitat.co.uk/product/8623441
Osram,Osram 40W ES LED Vintage Gold Pinecone Light Bulb,21,GBP,https://media.4rgos.it/i/Argos/8462781_R_Z001A,8462781.jpg,https://www.habitat.co.uk/product/8462781
Osram,Osram 35W ES LED Vintage Gold Large Tube Light Bulb ,10.5,GBP,https://media.4rgos.it/i/Argos/8448310_R_Z001A,8448310.jpg,https://www.habitat.co.uk/product/8448310
Osram,Osram 36W ES LED Vintage Gold Oval Light Bulb,21,GBP,https://media.4rgos.it/i/Argos/8395281_R_Z001A,8395281.jpg,https://www.habitat.co.uk/product/8395281
Osram,Osram 4W Filament LED BC Classic Glass GLS Bulb - Twin Pack,9.5,GBP,https://media.4rgos.it/i/Argos/8356330_R_Z001A,8356330.jpg,https://www.habitat.co.uk/product/8356330
Osram,Osram 12W ES LED G200 Vintage Smoke Light Bulb,47.5,GBP,https://media.4rgos.it/i/Argos/8092151_R_Z001A,8092151.jpg,https://www.habitat.co.uk/product/8092151
Osram,Osram 22W SES BA35 LED Vintage Gold Light Bulb,6.5,GBP,https://media.4rgos.it/i/Argos/8027803_R_Z001A,8027803.jpg,https://www.habitat.co.uk/product/8027803
Osram,Osram 28W ES LED Glass Vintage Large Light Bulb ,45,GBP,https://media.4rgos.it/i/Argos/7957149_R_Z001A,7957149.jpg,https://www.habitat.co.uk/product/7957149
Osram,Osran 4W SES Filament Candle Light Bulb - 2 Pack,15,GBP,https://media.4rgos.it/i/Argos/7947908_R_Z001A,7947908.jpg,https://www.habitat.co.uk/product/7947908
Osram,Osram 28W ES LED A160 Vintage Gold Light Bulb,42,GBP,https://media.4rgos.it/i/Argos/8467250_R_Z001A,8467250.jpg,https://www.habitat.co.uk/product/8467250
Habitat,Habitat LED Bar Light - Black,95,GBP,https://media.4rgos.it/i/Argos/9597428_R_Z001A,9597428.jpg,https://www.habitat.co.uk/product/9597428
Habitat,Habitat Pavo LED Pendant Light With Diffuser - Teal,80,GBP,https://media.4rgos.it/i/Argos/9632981_R_Z001A,9632981.jpg,https://www.habitat.co.uk/product/9632981
Habitat,Habitat Sio LED Table Lamp - Black,55,GBP,https://media.4rgos.it/i/Argos/9520024_R_Z001A,9520024.jpg,https://www.habitat.co.uk/product/9520024
Habitat,Habitat Scarcus Frame LED Floor lamp - Black,120,GBP,https://media.4rgos.it/i/Argos/9405802_R_Z001A,9405802.jpg,https://www.habitat.co.uk/product/9405802
Habitat,Habitat Mopsa Clip Lamp - White,18,GBP,https://media.4rgos.it/i/Argos/9405259_R_Z001A,9405259.jpg,https://www.habitat.co.uk/product/9405259
Habitat,Habitat Kids Bright Ball String Lights,5,GBP,https://media.4rgos.it/i/Argos/9493979_R_Z001A,9493979.jpg,https://www.habitat.co.uk/product/9493979
Habitat,Habitat Mopsa LED Desk Lamp - Black,18,GBP,https://media.4rgos.it/i/Argos/9405187_R_Z001A,9405187.jpg,https://www.habitat.co.uk/product/9405187
Habitat,Habitat Mopsa Clip Lamp - Black,18,GBP,https://media.4rgos.it/i/Argos/9405338_R_Z001A,9405338.jpg,https://www.habitat.co.uk/product/9405338
Habitat,Habitat Kids Ball String Lights - White,5,GBP,https://media.4rgos.it/i/Argos/9400151_R_Z001A,9400151.jpg,https://www.habitat.co.uk/product/9400151
Habitat,Habitat Ashbourne LED Bathroom Mirror,55,GBP,https://media.4rgos.it/i/Argos/3123939_R_Z001A,3123939.jpg,https://www.habitat.co.uk/product/3123939
Habitat,Habitat Bubble 3 Light Flush to Ceiling Light - Chrome,42,GBP,https://media.4rgos.it/i/Argos/9338481_R_Z001A,9338481.jpg,https://www.habitat.co.uk/product/9338481
Habitat,Habitat Abraham LED Bathroom Mirror,90,GBP,https://media.4rgos.it/i/Argos/3371822_R_Z001A,3371822.jpg,https://www.habitat.co.uk/product/3371822
Habitat,Habitat Ngami Mushroom Touch Table Lamp - Blue,25,GBP,https://media.4rgos.it/i/Argos/9521535_R_Z001A,9521535.jpg,https://www.habitat.co.uk/product/9521535
Habitat,Habitat Haxby LED Bathroom Mirror,90,GBP,https://media.4rgos.it/i/Argos/3120695_R_Z001A,3120695.jpg,https://www.habitat.co.uk/product/3120695
Habitat,Habitat Silby LED Soft Touch Desk Lamp - Black,16,GBP,https://media.4rgos.it/i/Argos/7601127_R_Z001A,7601127.jpg,https://www.habitat.co.uk/product/7601127
Habitat,Habitat Pill LED Flush to Ceiling Light- Brushed Brass,80,GBP,https://media.4rgos.it/i/Argos/9559851_R_Z001A,9559851.jpg,https://www.habitat.co.uk/product/9559851
Habitat,Habitat Bubble Table Lamp - Chrome,37,GBP,https://media.4rgos.it/i/Argos/8594721_R_Z001A,8594721.jpg,https://www.habitat.co.uk/product/8594721
Habitat,Habitat Harlow Bathroom Mirror,55,GBP,https://media.4rgos.it/i/Argos/3030118_R_Z001A,3030118.jpg,https://www.habitat.co.uk/product/3030118
Habitat,Habitat Ngami Mushroom Touch Table Lamp - Orange,25,GBP,https://media.4rgos.it/i/Argos/9381672_R_Z001A,9381672.jpg,https://www.habitat.co.uk/product/9381672
Habitat,Habitat Mopsa LED Touch Desk Lamp - White,18,GBP,https://media.4rgos.it/i/Argos/9405132_R_Z001A,9405132.jpg,https://www.habitat.co.uk/product/9405132
Habitat,Habitat Bubble 3 Light Floor Lamp - Chrome,110,GBP,https://media.4rgos.it/i/Argos/8864987_R_Z001A,8864987.jpg,https://www.habitat.co.uk/product/8864987
Habitat,Habitat Spiral LED Tripod Floor Lamp - Chrome,67.5,GBP,https://media.4rgos.it/i/Argos/9405479_R_Z001A,9405479.jpg,https://www.habitat.co.uk/product/9405479
Habitat,Habitat Vivian Glass LED Ceiling Light - Multicoloured,50,GBP,https://media.4rgos.it/i/Argos/9694022_R_Z001A,9694022.jpg,https://www.habitat.co.uk/product/9694022
Habitat,Habitat Pill LED Table Lamp - Brushed Brass,60,GBP,https://media.4rgos.it/i/Argos/9618761_R_Z001A,9618761.jpg,https://www.habitat.co.uk/product/9618761
Habitat,Habitat Circle Backlight LED Mirror - White,110,GBP,https://media.4rgos.it/i/Argos/9559246_R_Z001A,9559246.jpg,https://www.habitat.co.uk/product/9559246
Habitat,Habitat Criss Cross Flush to Ceiling Light - Chrome,37,GBP,https://media.4rgos.it/i/Argos/9303739_R_Z001A,9303739.jpg,https://www.habitat.co.uk/product/9303739
Habitat,Habitat Boston Swirl LED Wall Light - Chrome,37,GBP,https://media.4rgos.it/i/Argos/8929097_R_Z001A,8929097.jpg,https://www.habitat.co.uk/product/8929097
Habitat,Habitat Vivian Glass 3 Light LED Ceiling Light - Green,135,GBP,https://media.4rgos.it/i/Argos/9656125_R_Z001A,9656125.jpg,https://www.habitat.co.uk/product/9656125
Habitat,Habitat Sio LED Floor Lamp - Black,145,GBP,https://media.4rgos.it/i/Argos/9629585_R_Z001A,9629585.jpg,https://www.habitat.co.uk/product/9629585
Habitat,Habitat Pill LED Table Lamp - Brushed Chrome,58,GBP,https://media.4rgos.it/i/Argos/9625345_R_Z001A,9625345.jpg,https://www.habitat.co.uk/product/9625345
Habitat,Habitat Kids Shell Imaginarium String Lights - Holographic,8,GBP,https://media.4rgos.it/i/Argos/9615623_R_Z001A,9615623.jpg,https://www.habitat.co.uk/product/9615623
Habitat,Habitat Pill LED Floor Lamp - Brushed Chrome,175,GBP,https://media.4rgos.it/i/Argos/9597806_R_Z001A,9597806.jpg,https://www.habitat.co.uk/product/9597806
Habitat,Habitat Yang 2 Tier LED Glass Chandelier - Chrome,170,GBP,https://media.4rgos.it/i/Argos/9584448_R_Z001A,9584448.jpg,https://www.habitat.co.uk/product/9584448
Habitat,Habitat Pill LED Flush to Ceiling light- Chrome,85,GBP,https://media.4rgos.it/i/Argos/9555628_R_Z001A,9555628.jpg,https://www.habitat.co.uk/product/9555628
Habitat,Habitat Kids Unicorn String Lights - Holographic,10,GBP,https://media.4rgos.it/i/Argos/9551440_R_Z001A,9551440.jpg,https://www.habitat.co.uk/product/9551440
Habitat,Habitat Pill LED Floor Lamp - Brushed Brass,175,GBP,https://media.4rgos.it/i/Argos/9542569_R_Z001A,9542569.jpg,https://www.habitat.co.uk/product/9542569
Habitat,Habitat Pavo Matte With Diffuser LED Pendant Light - White,80,GBP,https://media.4rgos.it/i/Argos/9518971_R_Z001A,9518971.jpg,https://www.habitat.co.uk/product/9518971
Habitat,Habitat Spiral LED Pendant Ceiling Light - Chrome,120,GBP,https://media.4rgos.it/i/Argos/9405486_R_Z001A,9405486.jpg,https://www.habitat.co.uk/product/9405486
Habitat,Habitat Bow Flush to Ceiling Light - Chrome,46,GBP,https://media.4rgos.it/i/Argos/9309551_R_Z001A,9309551.jpg,https://www.habitat.co.uk/product/9309551
Habitat,Habitat Silby LED Soft Touch Desk Lamp - White,16,GBP,https://media.4rgos.it/i/Argos/8361648_R_Z001A,8361648.jpg,https://www.habitat.co.uk/product/8361648
Habitat,Habitat Rectangle Backlight LED Mirror - Black,110,GBP,https://media.4rgos.it/i/Argos/6025601_R_Z001A,6025601.jpg,https://www.habitat.co.uk/product/6025601
Habitat,Habitat Large Vertical Backlight LED Mirror - White,145,GBP,https://media.4rgos.it/i/Argos/4564401_R_Z001A,4564401.jpg,https://www.habitat.co.uk/product/4564401
Habitat,Habitat Atollo Set of 4 LED Colour Changing Strip Lights,32,GBP,https://media.4rgos.it/i/Argos/3166697_R_Z001A,3166697.jpg,https://www.habitat.co.uk/product/3166697
Habitat,Habitat Atollo Set of 4 LED Strip Lights - White,28,GBP,https://media.4rgos.it/i/Argos/3142934_R_Z001A,3142934.jpg,https://www.habitat.co.uk/product/3142934
Habitat,Habitat Milano 4 Light Bathroom Square Spotlight - Chrome,40,GBP,https://media.4rgos.it/i/Argos/4329282_R_Z001A,4329282.jpg,https://www.habitat.co.uk/product/4329282
Habitat,Habitat Salarino Opal Glass Bathroom Wall Light - Black,28,GBP,https://media.4rgos.it/i/Argos/9404999_R_Z001A,9404999.jpg,https://www.habitat.co.uk/product/9404999
Habitat,Habitat Circle Backlight LED Mirror - White,110,GBP,https://media.4rgos.it/i/Argos/9559246_R_Z001A,9559246.jpg,https://www.habitat.co.uk/product/9559246
Habitat,Habitat Opal Glass Wall Light - White,28,GBP,https://media.4rgos.it/i/Argos/9406234_R_Z001A,9406234.jpg,https://www.habitat.co.uk/product/9406234
Habitat,Habitat Alonso 6 Light Flush to Ceiling Light - White,90,GBP,https://media.4rgos.it/i/Argos/9405981_R_Z001A,9405981.jpg,https://www.habitat.co.uk/product/9405981
Habitat,Habitat Rectangle Backlight LED Mirror - Black,110,GBP,https://media.4rgos.it/i/Argos/6025601_R_Z001A,6025601.jpg,https://www.habitat.co.uk/product/6025601
Habitat,Habitat Large Vertical Backlight LED Mirror - White,145,GBP,https://media.4rgos.it/i/Argos/4564401_R_Z001A,4564401.jpg,https://www.habitat.co.uk/product/4564401
