brand,name,price,currency,image,filename,product_url
Habitat,Habitat Lisbon 3 Seater Fabric Sofa - Charcoal,515,GBP,https://media.4rgos.it/i/Argos/9397460_R_Z001A,9397460.jpg,https://www.habitat.co.uk/product/9397460
Habitat,Habitat Patsy 2 Seater Clic Clac Sofa Bed - Charcoal,190,GBP,https://media.4rgos.it/i/Argos/3578704_R_Z001A,3578704.jpg,https://www.habitat.co.uk/product/3578704
Habitat,Habitat Lisbon 2 Seater Fabric Sofa - Charcoal,440,GBP,https://media.4rgos.it/i/Argos/8948858_R_Z001A,8948858.jpg,https://www.habitat.co.uk/product/8948858
Habitat,Habitat Lisbon Small Double Fabric Sofa Bed - Charcoal,580,GBP,https://media.4rgos.it/i/Argos/9198786_R_Z001A,9198786.jpg,https://www.habitat.co.uk/product/9198786
