name,price,currency,image,filename
Grandma Jacquard Knit Jumper,в‚¬70.00,EUR,https://cdn.shopify.com/s/files/1/0268/4449/5987/products/minga-london-grandma-jacquard-knit-jumper-2_1080x.jpg?v=1670336578,minga-london-grandma-jacquard-knit-jumper-2_1080x.jpg
Beth Plaid Midi Skirt,в‚¬66.00,EUR,https://cdn.shopify.com/s/files/1/0268/4449/5987/products/minga-london-beth-plaid-midi-skirt-2_1080x.jpg?v=1670330201,minga-london-beth-plaid-midi-skirt-2_1080x.jpg
Anti Social Cat Club Ecru Baby Tee,в‚¬33.00,EUR,https://cdn.shopify.com/s/files/1/0268/4449/5987/products/AntiSocialCatClubEcruBabyTee2_1080x.jpg?v=1670318674,AntiSocialCatClubEcruBabyTee2_1080x.jpg
CanвЂ™t Talk Cat Embroidered Sweatshirt,в‚¬54.00,EUR,https://cdn.shopify.com/s/files/1/0268/4449/5987/products/minga-london-can-t-talk-cat-embroidered-sweatshirt-7_1080x.jpg?v=1670321409,minga-london-can-t-talk-cat-embroidered-sweatshirt-7_1080x.jpg
Oyster Zip Up Hood Knit Cardigan,в‚¬95.00,EUR,https://cdn.shopify.com/s/files/1/0268/4449/5987/products/minga-london-oyster-zip-up-hood-knit-cardigan-6_1080x.jpg?v=1670337183,minga-london-oyster-zip-up-hood-knit-cardigan-6_1080x.jpg
Cheer Plaid Mini Skirt,в‚¬60.00,EUR,https://cdn.shopify.com/s/files/1/0268/4449/5987/products/minga-london-cheer-plaid-mini-skirt-5_1080x.jpg?v=1670331123,minga-london-cheer-plaid-mini-skirt-5_1080x.jpg
Grandma Jacquard Knit Socks,в‚¬18.00,EUR,https://cdn.shopify.com/s/files/1/0268/4449/5987/products/minga-london-grandma-jacquard-knit-socks-5_1080x.jpg?v=1670336747,minga-london-grandma-jacquard-knit-socks-5_1080x.jpg
Gigi Patchwork Cable Knit Crop Jumper,в‚¬66.00,EUR,https://cdn.shopify.com/s/files/1/0268/4449/5987/products/minga-london-gigi-patchwork-cable-knit-crop-jumper-5_1080x.jpg?v=1670331676,minga-london-gigi-patchwork-cable-knit-crop-jumper-5_1080x.jpg
Gem Brown Distressed Knit Cardigan,в‚¬70.00,EUR,https://cdn.shopify.com/s/files/1/0268/4449/5987/products/minga-london-gem-brown-distressed-knit-cardigan-8_1080x.jpg?v=1670330083,minga-london-gem-brown-distressed-knit-cardigan-8_1080x.jpg
Vintage Luv Pearl & Silver Heart Necklace,в‚¬22.00,EUR,https://cdn.shopify.com/s/files/1/0268/4449/5987/products/minga-london-vintage-luv-pearl-silver-heart-necklace-2_1080x.jpg?v=1670341398,minga-london-vintage-luv-pearl-silver-heart-necklace-2_1080x.jpg
Brew Washed Brown Straight Jeans,в‚¬90.00,EUR,https://cdn.shopify.com/s/files/1/0268/4449/5987/products/minga-london-brew-washed-brown-straight-jeans-4_1080x.jpg?v=1670330549,minga-london-brew-washed-brown-straight-jeans-4_1080x.jpg
Flora Patchwork Cardigan,в‚¬77.00,EUR,https://cdn.shopify.com/s/files/1/0268/4449/5987/products/minga-london-flora-patchwork-cardigan-6_1080x.jpg?v=1670324848,minga-london-flora-patchwork-cardigan-6_1080x.jpg
Fusion Green Patchwork Knitted Shrug,в‚¬42.00,EUR,https://cdn.shopify.com/s/files/1/0268/4449/5987/products/minga-london-fusion-green-patchwork-knitted-shrug-3_1080x.jpg?v=1670325408,minga-london-fusion-green-patchwork-knitted-shrug-3_1080x.jpg
Rheo Brown Tech Cargo Pants,в‚¬84.00,EUR,https://cdn.shopify.com/s/files/1/0268/4449/5987/products/minga-london-rheo-brown-tech-cargo-pants-13_1080x.jpg?v=1670337740,minga-london-rheo-brown-tech-cargo-pants-13_1080x.jpg
Chunky Heart Hooped Earrings,в‚¬18.00,EUR,https://cdn.shopify.com/s/files/1/0268/4449/5987/products/chunky-heart-hooped-earrings-5_1080x.jpg?v=1670433065,chunky-heart-hooped-earrings-5_1080x.jpg
Gem Sand Distressed Knit Cardigan,в‚¬70.00,EUR,https://cdn.shopify.com/s/files/1/0268/4449/5987/products/minga-london-gem-sand-distressed-knit-cardigan-5_1080x.jpg?v=1670331385,minga-london-gem-sand-distressed-knit-cardigan-5_1080x.jpg
Broken Teddy Bear Jacquard Knit Jumper,в‚¬78.00,EUR,https://cdn.shopify.com/s/files/1/0268/4449/5987/products/minga-london-broken-teddy-bear-jacquard-knit-jumper-3_1080x.jpg?v=1669024355,minga-london-broken-teddy-bear-jacquard-knit-jumper-3_1080x.jpg
Gwen Striped Zip Up Knit Cardigan,в‚¬84.00,EUR,https://cdn.shopify.com/s/files/1/0268/4449/5987/products/minga-london-gwen-striped-zip-up-knit-cardigan-2_1080x.jpg?v=1669024955,minga-london-gwen-striped-zip-up-knit-cardigan-2_1080x.jpg
Judy Pinstripe Pleated Mini Skirt,в‚¬60.00,EUR,https://cdn.shopify.com/s/files/1/0268/4449/5987/products/minga-london-judy-pinstripe-pleated-mini-skirt-6_1080x.jpg?v=1669051109,minga-london-judy-pinstripe-pleated-mini-skirt-6_1080x.jpg
Red Angel Black Zip Up Hoodie,в‚¬70.00,EUR,https://cdn.shopify.com/s/files/1/0268/4449/5987/products/minga-london-red-angel-black-zip-up-hoodie-3_1080x.jpg?v=1669028144,minga-london-red-angel-black-zip-up-hoodie-3_1080x.jpg
Heartless Black Straps Top,в‚¬42.00,EUR,https://cdn.shopify.com/s/files/1/0268/4449/5987/products/minga-london-heartless-black-straps-top-3_1080x.jpg?v=1669025143,minga-london-heartless-black-straps-top-3_1080x.jpg
Pentagram Star Striped Knit Jumper,в‚¬78.00,EUR,https://cdn.shopify.com/s/files/1/0268/4449/5987/products/PentagramStarStripedKnitJumper9_1080x.jpg?v=1669051139,PentagramStarStripedKnitJumper9_1080x.jpg
Star Sign Striped Rib Top,в‚¬42.00,EUR,https://cdn.shopify.com/s/files/1/0268/4449/5987/products/StarSignStripedRibTop8_1080x.jpg?v=1669051210,StarSignStripedRibTop8_1080x.jpg
Troublemaker Black Canvas Messenger Bag,в‚¬54.00,EUR,https://cdn.shopify.com/s/files/1/0268/4449/5987/products/TroublemakerBlackCanvasMessengerBag3_1080x.jpg?v=1669112019,TroublemakerBlackCanvasMessengerBag3_1080x.jpg
Electric Angel Mesh Crop Top,в‚¬33.00,EUR,https://cdn.shopify.com/s/files/1/0268/4449/5987/products/minga-london-electric-angel-mesh-crop-top-4_1080x.jpg?v=1669024669,minga-london-electric-angel-mesh-crop-top-4_1080x.jpg
I Hate Mondays Black Baby Tee,в‚¬33.00,EUR,https://cdn.shopify.com/s/files/1/0268/4449/5987/products/IHateMondaysBlackBabyTee9_1080x.jpg?v=1669051086,IHateMondaysBlackBabyTee9_1080x.jpg
Troublemaker Patches Black Hoodie,в‚¬66.00,EUR,https://cdn.shopify.com/s/files/1/0268/4449/5987/products/minga-london-troublemaker-patches-black-hoodie-5_1080x.jpg?v=1669028685,minga-london-troublemaker-patches-black-hoodie-5_1080x.jpg
Downtown White Zip Up Leg Warmers,в‚¬25.00,EUR,https://cdn.shopify.com/s/files/1/0268/4449/5987/products/DowntownWhiteZipUpLegWarmers1_1080x.jpg?v=1669050799,DowntownWhiteZipUpLegWarmers1_1080x.jpg
Bear With Me Silver Rings Set,в‚¬22.00,EUR,https://cdn.shopify.com/s/files/1/0268/4449/5987/products/minga-london-bear-with-me-silver-rings-set-3_1080x.jpg?v=1669050737,minga-london-bear-with-me-silver-rings-set-3_1080x.jpg
Chunky Heart Pendant Necklace,в‚¬22.00,EUR,https://cdn.shopify.com/s/files/1/0268/4449/5987/products/minga-london-chunky-heart-pendant-necklace-2_1080x.jpg?v=1669024482,minga-london-chunky-heart-pendant-necklace-2_1080x.jpg
Star! Black Grey Chunky Knit Jumper,в‚¬70.00,EUR,https://cdn.shopify.com/s/files/1/0268/4449/5987/products/minga-london-star-black-grey-chunky-knit-jumper-2_1080x.jpg?v=1667586740,minga-london-star-black-grey-chunky-knit-jumper-2_1080x.jpg
Track Multi Pocket Overdye Cargo Jeans,в‚¬100.00,EUR,https://cdn.shopify.com/s/files/1/0268/4449/5987/products/minga-london-track-multi-pocket-overdye-cargo-jeans-5_1080x.jpg?v=1668187265,minga-london-track-multi-pocket-overdye-cargo-jeans-5_1080x.jpg
Superstar Open Knit Jumper,в‚¬66.00,EUR,https://cdn.shopify.com/s/files/1/0268/4449/5987/products/minga-london-superstar-open-knit-jumper_1080x.jpg?v=1667589528,minga-london-superstar-open-knit-jumper_1080x.jpg
Star Girl Raglan Baby Tee,в‚¬33.00,EUR,https://cdn.shopify.com/s/files/1/0268/4449/5987/products/minga-london-star-girl-raglan-baby-tee-3_1080x.jpg?v=1667579478,minga-london-star-girl-raglan-baby-tee-3_1080x.jpg
Minga Star Canvas Messenger Bag,в‚¬54.00,EUR,https://cdn.shopify.com/s/files/1/0268/4449/5987/products/minga-london-star-canvas-messenger-bag-3_1080x.jpg?v=1668187337,minga-london-star-canvas-messenger-bag-3_1080x.jpg
Graphite Half Button Striped Rib Top,в‚¬42.00,EUR,https://cdn.shopify.com/s/files/1/0268/4449/5987/products/minga-london-graphite-half-button-striped-rib-top-3_1080x.jpg?v=1668187547,minga-london-graphite-half-button-striped-rib-top-3_1080x.jpg
My Brain is 80% Song Lyrics Sweatshirt,в‚¬54.00,EUR,https://cdn.shopify.com/s/files/1/0268/4449/5987/products/minga-london-my-brain-is-80_-song-lyrics-sweatshirt-6_1080x.jpg?v=1670179905,minga-london-my-brain-is-80_-song-lyrics-sweatshirt-6_1080x.jpg
Revolution Zip Up Hoodie Jacket,в‚¬70.00,EUR,https://cdn.shopify.com/s/files/1/0268/4449/5987/products/RevolutionZipUpHoodieJacket5_1080x.jpg?v=1667583647,RevolutionZipUpHoodieJacket5_1080x.jpg
Hazel Striped Chunky Knit Jumper,в‚¬84.00,EUR,https://cdn.shopify.com/s/files/1/0268/4449/5987/products/minga-london-hazel-striped-chunky-knit-jumper-3_1080x.jpg?v=1668187370,minga-london-hazel-striped-chunky-knit-jumper-3_1080x.jpg
Zoe Washed Black Distressed Wide Leg Jeans,в‚¬90.00,EUR,https://cdn.shopify.com/s/files/1/0268/4449/5987/products/ZoeWashedBlackDistressedWideLegJeans15_1080x.jpg?v=1667578504,ZoeWashedBlackDistressedWideLegJeans15_1080x.jpg
Carbon Zip Up Hood Knit Cardigan,в‚¬95.00,EUR,https://cdn.shopify.com/s/files/1/0268/4449/5987/products/CarbonZipUpHoodKnitCardigan3_1080x.jpg?v=1668187414,CarbonZipUpHoodKnitCardigan3_1080x.jpg
Brown & Honey Striped Flare Leg Warmers,в‚¬30.00,EUR,https://cdn.shopify.com/s/files/1/0268/4449/5987/products/Brown_Honey_Striped_Flare_Leg_Warmers6_1_1080x.jpg?v=1667577595,Brown_Honey_Striped_Flare_Leg_Warmers6_1_1080x.jpg
Jen Overdye Flare Jeans,в‚¬84.00,EUR,https://cdn.shopify.com/s/files/1/0268/4449/5987/products/minga-london-jen-overdye-flare-jeans-2_1080x.jpg?v=1668187491,minga-london-jen-overdye-flare-jeans-2_1080x.jpg
Rather Be Different Khaki Graphic Top,в‚¬38.00,EUR,https://cdn.shopify.com/s/files/1/0268/4449/5987/products/minga-london-rather-be-different-khaki-graphic-top-1_1080x.jpg?v=1668187353,minga-london-rather-be-different-khaki-graphic-top-1_1080x.jpg
Destroy What Destroys You Hoodie,в‚¬66.00,EUR,https://cdn.shopify.com/s/files/1/0268/4449/5987/products/minga-london-destroy-what-destroys-you-hoodie-5_1080x.jpg?v=1667578835,minga-london-destroy-what-destroys-you-hoodie-5_1080x.jpg
Black & Grey Striped Flare Leg Warmers,в‚¬30.00,EUR,https://cdn.shopify.com/s/files/1/0268/4449/5987/products/a0f915d9-3a6e-4145-98c3-24f7fddd2d58_1080x.jpg?v=1668187457,a0f915d9-3a6e-4145-98c3-24f7fddd2d58_1080x.jpg
Umber Stripes Knitted Scarf,в‚¬30.00,EUR,https://cdn.shopify.com/s/files/1/0268/4449/5987/products/minga-london-umber-stripes-knitted-scarf-3_1080x.jpg?v=1667566210,minga-london-umber-stripes-knitted-scarf-3_1080x.jpg
Nya Brown Pleated Mini Skirt,в‚¬66.00,EUR,https://cdn.shopify.com/s/files/1/0268/4449/5987/products/NyaBrownPleatedMiniSkirt2_1080x.jpg?v=1667577917,NyaBrownPleatedMiniSkirt2_1080x.jpg
In The Stars Fishnet Tights,в‚¬22.00,EUR,https://cdn.shopify.com/s/files/1/0268/4449/5987/products/minga-london-in-the-stars-fishnet-tights_1080x.jpg?v=1667578989,minga-london-in-the-stars-fishnet-tights_1080x.jpg
Patch Me Up Sweatshirt,в‚¬54.00,EUR,https://cdn.shopify.com/s/files/1/0268/4449/5987/products/minga-london-patch-me-up-sweatshirt-3_1080x.jpg?v=1667565020,minga-london-patch-me-up-sweatshirt-3_1080x.jpg
Brownie Half Button Striped Rib Top,в‚¬42.00,EUR,https://cdn.shopify.com/s/files/1/0268/4449/5987/products/minga-london-brownie-half-button-striped-rib-top-2_1080x.jpg?v=1667563020,minga-london-brownie-half-button-striped-rib-top-2_1080x.jpg
Nya Black Pleated Mini Skirt,в‚¬66.00,EUR,https://cdn.shopify.com/s/files/1/0268/4449/5987/products/NyaBlackPleatedMiniSkirt14_1080x.jpg?v=1667584024,NyaBlackPleatedMiniSkirt14_1080x.jpg
Mystic Rings Set,в‚¬18.00,EUR,https://cdn.shopify.com/s/files/1/0268/4449/5987/products/minga-london-celestial-mystic-rings-3_1080x.jpg?v=1634202758,minga-london-celestial-mystic-rings-3_1080x.jpg
Vapor Stripes Knitted Scarf,в‚¬30.00,EUR,https://cdn.shopify.com/s/files/1/0268/4449/5987/products/minga-london-vapor-stripes-knitted-scarf-2_1080x.jpg?v=1667566290,minga-london-vapor-stripes-knitted-scarf-2_1080x.jpg
Minga Tie Dye Zip Up Hoodie Jacket,в‚¬70.00,EUR,https://cdn.shopify.com/s/files/1/0268/4449/5987/products/minga-london-embroidery-tie-dye-zip-hoodie-jacket-7_1080x.jpg?v=1666138389,minga-london-embroidery-tie-dye-zip-hoodie-jacket-7_1080x.jpg
Haze Tie Dye Velvet Pants,в‚¬84.00,EUR,https://cdn.shopify.com/s/files/1/0268/4449/5987/products/minga-london-haze-tie-dye-beige-velvet-pants-1_1080x.jpg?v=1665748440,minga-london-haze-tie-dye-beige-velvet-pants-1_1080x.jpg
Minga Tie Dye Asymmetric Top,в‚¬42.00,EUR,https://cdn.shopify.com/s/files/1/0268/4449/5987/products/minga-london-tie-dye-beige-graphic-asymmetric-top-2_1080x.jpg?v=1665748517,minga-london-tie-dye-beige-graphic-asymmetric-top-2_1080x.jpg
Hai Lace Up Knitted Shrug,в‚¬60.00,EUR,https://cdn.shopify.com/s/files/1/0268/4449/5987/products/minga-london-hai-black-lace-up-knitted-bolero-shrug-top-1_1080x.jpg?v=1665747659,minga-london-hai-black-lace-up-knitted-bolero-shrug-top-1_1080x.jpg
Overthinker Black Lace Up Sweatshirt,в‚¬54.00,EUR,https://cdn.shopify.com/s/files/1/0268/4449/5987/products/minga-london-overthinker-black-graphic-lace-up-sweatshirt-3_1080x.jpg?v=1665748803,minga-london-overthinker-black-graphic-lace-up-sweatshirt-3_1080x.jpg
Minga Tie Dye Crew Socks,в‚¬18.00,EUR,https://cdn.shopify.com/s/files/1/0268/4449/5987/products/minga-london-tie-dye-crew-socks-5_1080x.jpg?v=1665748624,minga-london-tie-dye-crew-socks-5_1080x.jpg
Emotional Fairy Beige Sweatshirt,в‚¬54.00,EUR,https://cdn.shopify.com/s/files/1/0268/4449/5987/products/minga-london-emotional-fairy-beige-graphic-sweatshirt-4_1080x.jpg?v=1665747582,minga-london-emotional-fairy-beige-graphic-sweatshirt-4_1080x.jpg
Skull Crusher Black Asymmetric Top,в‚¬42.00,EUR,https://cdn.shopify.com/s/files/1/0268/4449/5987/products/minga-london-skull-crusher-graphic-black-asymmetric-top-2_1080x.jpg?v=1665748903,minga-london-skull-crusher-graphic-black-asymmetric-top-2_1080x.jpg
Skeleton Black Zip Up Hoodie Jacket,в‚¬70.00,EUR,https://cdn.shopify.com/s/files/1/0268/4449/5987/products/minga-london-skeleton-black-zip-up-hoodie-jacket-4_1080x.jpg?v=1665061735,minga-london-skeleton-black-zip-up-hoodie-jacket-4_1080x.jpg
Eye Roll White Rib Baby Tee,в‚¬33.00,EUR,https://cdn.shopify.com/s/files/1/0268/4449/5987/products/minga-london-eye-roll-y2k-graphic-white-crop-top-11_1080x.jpg?v=1665057504,minga-london-eye-roll-y2k-graphic-white-crop-top-11_1080x.jpg
Forest Stripes Hooded Knit Jumper,в‚¬60.00,EUR,https://cdn.shopify.com/s/files/1/0268/4449/5987/products/green-smoke-stripes-hooded-knit-jumper_1080x.jpg?v=1663779969,green-smoke-stripes-hooded-knit-jumper_1080x.jpg
Bite Me Black Rib Top,в‚¬38.00,EUR,https://cdn.shopify.com/s/files/1/0268/4449/5987/products/minga-london-bite-me-graphic-black-crop-top-8_1080x.jpg?v=1665057123,minga-london-bite-me-graphic-black-crop-top-8_1080x.jpg
Cyber Angel Hair Clips Set,в‚¬15.00,EUR,https://cdn.shopify.com/s/files/1/0268/4449/5987/products/minga-london-cyber-angel-hair-clips-set_1080x.jpg?v=1665057329,minga-london-cyber-angel-hair-clips-set_1080x.jpg
Butterfly Black Sport Socks,в‚¬15.00,EUR,https://cdn.shopify.com/s/files/1/0268/4449/5987/products/minga-london-butterfly-black-sport-socks-1_1080x.jpg?v=1665057238,minga-london-butterfly-black-sport-socks-1_1080x.jpg
Ivy Black Green Bomber Jacket,в‚¬60.00,EUR,https://cdn.shopify.com/s/files/1/0268/4449/5987/products/minga-london-ivy-color-block-black-green-bomber-jacket_1080x.jpg?v=1663779757,minga-london-ivy-color-block-black-green-bomber-jacket_1080x.jpg
Lyx Black Patchwork Rib Top,в‚¬42.00,EUR,https://cdn.shopify.com/s/files/1/0268/4449/5987/products/minga-london-lyx-black-patchwork-crop-top_1080x.jpg?v=1668187624,minga-london-lyx-black-patchwork-crop-top_1080x.jpg
Onyx Fishnet Mesh Crop Top,в‚¬15.00,EUR,https://cdn.shopify.com/s/files/1/0268/4449/5987/products/minga-london-onyx-fishnet-mesh-crop-top-1_1080x.jpg?v=1665061657,minga-london-onyx-fishnet-mesh-crop-top-1_1080x.jpg
Deep Love Black Beads Necklace,в‚¬18.00,EUR,https://cdn.shopify.com/s/files/1/0268/4449/5987/products/minga-london-deep-love-necklace-1_1080x.png?v=1668187660,minga-london-deep-love-necklace-1_1080x.png
Mushroom Thoughts T-Shirt,в‚¬33.00,EUR,https://cdn.shopify.com/s/files/1/0268/4449/5987/products/minga-london-mushroom-thoughts-khaki-t-shirt-1_1080x.jpg?v=1663779586,minga-london-mushroom-thoughts-khaki-t-shirt-1_1080x.jpg
Ivy Brown Black Bomber Jacket,в‚¬60.00,EUR,https://cdn.shopify.com/s/files/1/0268/4449/5987/products/minga-london-ivy-color-block-brown-black-bomber-jacket-1_1080x.jpg?v=1663779598,minga-london-ivy-color-block-brown-black-bomber-jacket-1_1080x.jpg
Cross Me Black Graphic Top,в‚¬38.00,EUR,https://cdn.shopify.com/s/files/1/0268/4449/5987/products/cross-me-black-graphic-y2k-top-minga-london_1080x.jpg?v=1662480580,cross-me-black-graphic-y2k-top-minga-london_1080x.jpg
Downtown Brown Zip Up Leg Warmers,в‚¬25.00,EUR,https://cdn.shopify.com/s/files/1/0268/4449/5987/products/downtown-brown-zip-up-leg-warmers-5_0bd2fbd8-7790-4e93-8d73-486239520e4a_1080x.jpg?v=1663794901,downtown-brown-zip-up-leg-warmers-5_0bd2fbd8-7790-4e93-8d73-486239520e4a_1080x.jpg
Nixie Brown Lace Up Cardigan,в‚¬78.00,EUR,https://cdn.shopify.com/s/files/1/0268/4449/5987/products/nixie-brown-lace-up-cardigan-minga-london_1080x.jpg?v=1662481495,nixie-brown-lace-up-cardigan-minga-london_1080x.jpg
Black Rave Zip Pants,в‚¬84.00,EUR,https://cdn.shopify.com/s/files/1/0268/4449/5987/products/black-rave-zip-pants-minga-london-46_1080x.jpg?v=1662670022,black-rave-zip-pants-minga-london-46_1080x.jpg
Curtis Black Grey Striped Knit Jumper,в‚¬66.00,EUR,https://cdn.shopify.com/s/files/1/0268/4449/5987/products/curtis-black-grey-striped-knit-jumper-minga-london-3_1080x.jpg?v=1662630613,curtis-black-grey-striped-knit-jumper-minga-london-3_1080x.jpg
No Sleep Brown Asymmetric Top,в‚¬48.00,EUR,https://cdn.shopify.com/s/files/1/0268/4449/5987/products/no-sleep-brown-asymmetric-y2k-graphic-top-minga-london-2_1080x.jpg?v=1662630923,no-sleep-brown-asymmetric-y2k-graphic-top-minga-london-2_1080x.jpg
Shocky Black Asymmetric Top,в‚¬48.00,EUR,https://cdn.shopify.com/s/files/1/0268/4449/5987/products/shocky-black-asymmetric-y2k-graphic-top-minga-london-40_1080x.jpg?v=1662668396,shocky-black-asymmetric-y2k-graphic-top-minga-london-40_1080x.jpg
Plaid Rave Zip Pants,в‚¬84.00,EUR,https://cdn.shopify.com/s/files/1/0268/4449/5987/products/minga-london-plaid-rave-zip-y2k-pants_1080x.jpg?v=1662481754,minga-london-plaid-rave-zip-y2k-pants_1080x.jpg
Lexi Black Tech Cargo Maxi Skirt,в‚¬78.00,EUR,https://cdn.shopify.com/s/files/1/0268/4449/5987/products/lexi-black-parachute-cargo-maxi-skirt-minga-london_1080x.jpg?v=1662481200,lexi-black-parachute-cargo-maxi-skirt-minga-london_1080x.jpg
Stained Grey Zip-Up Hoodie Jacket,в‚¬70.00,EUR,https://cdn.shopify.com/s/files/1/0268/4449/5987/products/stained-grey-y2k-graphic-zip-up-hoodie-jacket-minga-london_1080x.jpg?v=1662636736,stained-grey-y2k-graphic-zip-up-hoodie-jacket-minga-london_1080x.jpg
Wonderland Fairy Tie Dye T-Shirt,в‚¬33.00,EUR,https://cdn.shopify.com/s/files/1/0268/4449/5987/products/wonderland-fairy-tie-dye-t-shirt-brown-minga-london-1_1080x.jpg?v=1662636862,wonderland-fairy-tie-dye-t-shirt-brown-minga-london-1_1080x.jpg
Plaid Rave Mini Skirt,в‚¬60.00,EUR,https://cdn.shopify.com/s/files/1/0268/4449/5987/products/minga-london-plaid-eyelet-rave-mini-y2k-skirt_1080x.jpg?v=1662481645,minga-london-plaid-eyelet-rave-mini-y2k-skirt_1080x.jpg
Lexi Brown Tech Cargo Maxi Skirt,в‚¬78.00,EUR,https://cdn.shopify.com/s/files/1/0268/4449/5987/products/lexi-brown-tech-cargo-maxi-skirt-1_1080x.jpg?v=1662630769,lexi-brown-tech-cargo-maxi-skirt-1_1080x.jpg
Don! Panic Striped Top & Scarf Set,в‚¬48.00,EUR,https://cdn.shopify.com/s/files/1/0268/4449/5987/products/dont-panic-striped-top-scarf-set-minga-london_2f91d920-126c-4490-816c-3e854baa8ad4_1080x.jpg?v=1662668217,dont-panic-striped-top-scarf-set-minga-london_2f91d920-126c-4490-816c-3e854baa8ad4_1080x.jpg
Curtis Brown Black Striped Knit Jumper,в‚¬66.00,EUR,https://cdn.shopify.com/s/files/1/0268/4449/5987/products/curtis-brown-black-striped-knit-jumper-minga-london-2_1080x.jpg?v=1662711603,curtis-brown-black-striped-knit-jumper-minga-london-2_1080x.jpg
Skull Smash Contrast Mesh Top,в‚¬33.00,EUR,https://cdn.shopify.com/s/files/1/0268/4449/5987/products/skull-y2k-contrast-mesh-top-minga-london-5_1080x.jpg?v=1662631273,skull-y2k-contrast-mesh-top-minga-london-5_1080x.jpg
Black Rave Mini Skirt,в‚¬60.00,EUR,https://cdn.shopify.com/s/files/1/0268/4449/5987/products/minga-london-black-rave-y2-mini-skirt-12_1080x.jpg?v=1662668932,minga-london-black-rave-y2-mini-skirt-12_1080x.jpg
Spread Your Wings Brown Sweatshirt,в‚¬54.00,EUR,https://cdn.shopify.com/s/files/1/0268/4449/5987/products/minga-london-spread-your-wings-brown-butterfly-sweatshirt_1080x.jpg?v=1662631392,minga-london-spread-your-wings-brown-butterfly-sweatshirt_1080x.jpg
Pixel Black Red Mesh Crop Top,в‚¬33.00,EUR,https://cdn.shopify.com/s/files/1/0268/4449/5987/products/pixel-black-red-print-mesh-crop-top-minga-london-3_1080x.jpg?v=1659099522,pixel-black-red-print-mesh-crop-top-minga-london-3_1080x.jpg
Rheo Black Tech Cargo Pants,в‚¬84.00,EUR,https://cdn.shopify.com/s/files/1/0268/4449/5987/products/rheo-tech-parachute-cargo-pants-black-minga-london-1_1080x.jpg?v=1659113519,rheo-tech-parachute-cargo-pants-black-minga-london-1_1080x.jpg
Stormy Slash Hooded Vest Top,в‚¬42.00,EUR,https://cdn.shopify.com/s/files/1/0268/4449/5987/products/stormy-slash-hooded-vest-top-blue-minga-london-1_1080x.jpg?v=1662388658,stormy-slash-hooded-vest-top-blue-minga-london-1_1080x.jpg
Mirror Eyes Mesh Crop Top,в‚¬33.00,EUR,https://cdn.shopify.com/s/files/1/0268/4449/5987/products/mirror-eyes-print-y2k-mesh-crop-top-minga-london_1080x.jpg?v=1659088791,mirror-eyes-print-y2k-mesh-crop-top-minga-london_1080x.jpg
Fusion Blue Patchwork Knitted Shrug,в‚¬42.00,EUR,https://cdn.shopify.com/s/files/1/0268/4449/5987/products/fusion-blue-patchwork-knitted-shrug-top_1080x.jpg?v=1659088504,fusion-blue-patchwork-knitted-shrug-top_1080x.jpg
Ruby Stone Blue Maxi Tech Cargo Skirt,в‚¬70.00,EUR,https://cdn.shopify.com/s/files/1/0268/4449/5987/products/minga-london-ruby-stone-blue-parachute-maxi-cargo-skirt_1080x.jpg?v=1659089489,minga-london-ruby-stone-blue-parachute-maxi-cargo-skirt_1080x.jpg
Power Red Graphic Vest Top,в‚¬33.00,EUR,https://cdn.shopify.com/s/files/1/0268/4449/5987/products/minga-london-power-red-graphic-y2k-vest-tank-top-red-2_1080x.jpg?v=1659089086,minga-london-power-red-graphic-y2k-vest-tank-top-red-2_1080x.jpg
Logo Cut Out White Vest Top,в‚¬33.00,EUR,https://cdn.shopify.com/s/files/1/0268/4449/5987/products/minga-london-logo-cut-out-vest-tank-top-white-2_1080x.jpg?v=1659088693,minga-london-logo-cut-out-vest-tank-top-white-2_1080x.jpg
Fusion Brown Patchwork Knitted Shrug,в‚¬42.00,EUR,https://cdn.shopify.com/s/files/1/0268/4449/5987/products/minga-london-fusion-brown-patchwork-knitted-shrug-top-9_1080x.jpg?v=1659088603,minga-london-fusion-brown-patchwork-knitted-shrug-top-9_1080x.jpg
Rheo Beige Tech Cargo Pants,в‚¬84.00,EUR,https://cdn.shopify.com/s/files/1/0268/4449/5987/products/minga-london-rheo-tech-parachute-cargo-pants-beige_1080x.jpg?v=1659114043,minga-london-rheo-tech-parachute-cargo-pants-beige_1080x.jpg
Alexa Slash Zip Up Hooded Jacket,в‚¬48.00,EUR,https://cdn.shopify.com/s/files/1/0268/4449/5987/products/minga-london-y2k-alexa-slash-zip-up-hooded-jacket-14_1_1080x.jpg?v=1662712497,minga-london-y2k-alexa-slash-zip-up-hooded-jacket-14_1_1080x.jpg
Face Off Black One Shoulder Top,в‚¬38.00,EUR,https://cdn.shopify.com/s/files/1/0268/4449/5987/products/minga-london-face-one-shoulder-Y2k-graphic-top_1080x.jpg?v=1659088394,minga-london-face-one-shoulder-Y2k-graphic-top_1080x.jpg
Not Today Black Tube Top,в‚¬29.00,EUR,https://cdn.shopify.com/s/files/1/0268/4449/5987/products/minga-london-not-today-y2k-graphic-tube-top-black-1_1080x.jpg?v=1659088873,minga-london-not-today-y2k-graphic-tube-top-black-1_1080x.jpg
Ruby Black Maxi Tech Cargo Skirt,в‚¬70.00,EUR,https://cdn.shopify.com/s/files/1/0268/4449/5987/products/minga-london-parachute-maxi-cargo-skirt-black_1080x.jpg?v=1659089406,minga-london-parachute-maxi-cargo-skirt-black_1080x.jpg
Metamorphosis Open Knit Jumper,в‚¬66.00,EUR,https://cdn.shopify.com/s/files/1/0268/4449/5987/products/metamorphosis-beige-open-knitted-jumper-1_1080x.jpg?v=1655972929,metamorphosis-beige-open-knitted-jumper-1_1080x.jpg
Angel Wings Black Baby Tee,в‚¬33.00,EUR,https://cdn.shopify.com/s/files/1/0268/4449/5987/products/angel-wings-black-crop-tee-2_1080x.jpg?v=1655973489,angel-wings-black-crop-tee-2_1080x.jpg
Molly Stripes Tie Knitted Shrug,в‚¬54.00,EUR,https://cdn.shopify.com/s/files/1/0268/4449/5987/products/molly-stripes-tie-knitted-shrug-4_1080x.jpg?v=1655973898,molly-stripes-tie-knitted-shrug-4_1080x.jpg
Dana Lace Up Corset Dress,в‚¬66.00,EUR,https://cdn.shopify.com/s/files/1/0268/4449/5987/products/dana-green-lace-up-corset-dress-3_1080x.jpg?v=1655974116,dana-green-lace-up-corset-dress-3_1080x.jpg
Cleo Green Y2k Cargo Pants,в‚¬84.00,EUR,https://cdn.shopify.com/s/files/1/0268/4449/5987/products/cleo-green-y2k-cargo-pants-12_1080x.jpg?v=1655974263,cleo-green-y2k-cargo-pants-12_1080x.jpg
Earth Fairy Tie Dye T-shirt,в‚¬33.00,EUR,https://cdn.shopify.com/s/files/1/0268/4449/5987/products/earth-fairy-beige-tie-dye-t-shirt-1_1080x.jpg?v=1670179588,earth-fairy-beige-tie-dye-t-shirt-1_1080x.jpg
Winged Cross Brown T-shirt,в‚¬33.00,EUR,https://cdn.shopify.com/s/files/1/0268/4449/5987/products/minga-london-winged-cross-brown-t-shirt-2_1080x.jpg?v=1641999868,minga-london-winged-cross-brown-t-shirt-2_1080x.jpg
Evergreen Mesh Crop Top,в‚¬33.00,EUR,https://cdn.shopify.com/s/files/1/0268/4449/5987/products/evergreen-mesh-crop-top-5_1080x.jpg?v=1655974807,evergreen-mesh-crop-top-5_1080x.jpg
Goblin Stripes Knit Tie Hat,в‚¬30.00,EUR,https://cdn.shopify.com/s/files/1/0268/4449/5987/products/goblin-stripes-crochet-cat-ear-hat-1_1080x.jpg?v=1655974902,goblin-stripes-crochet-cat-ear-hat-1_1080x.jpg
Unreal Patchwork Vest Top,в‚¬33.00,EUR,https://cdn.shopify.com/s/files/1/0268/4449/5987/products/unreal-patchwork-vest-top-20_1080x.jpg?v=1655974676,unreal-patchwork-vest-top-20_1080x.jpg
Rue Washed Zip Up Hoodie Jacket,в‚¬70.00,EUR,https://cdn.shopify.com/s/files/1/0268/4449/5987/products/rue-washed-green-zip-up-hoodie-jacket-4_1080x.jpg?v=1655986609,rue-washed-green-zip-up-hoodie-jacket-4_1080x.jpg
Blurry Butterfly Mesh Vest Top,в‚¬30.00,EUR,https://cdn.shopify.com/s/files/1/0268/4449/5987/products/blurry-butterfly-mesh-vest-top-8_1080x.jpg?v=1655975324,blurry-butterfly-mesh-vest-top-8_1080x.jpg
Melody Crochet Corduroy Crossbody Bag,в‚¬48.00,EUR,https://cdn.shopify.com/s/files/1/0268/4449/5987/products/minga-london-melody-crochet-corduroy-crossbody-bag-2_1080x.jpg?v=1638534530,minga-london-melody-crochet-corduroy-crossbody-bag-2_1080x.jpg
Mia Embellished Cross Pocket Y2k Jeans,в‚¬78.00,EUR,https://cdn.shopify.com/s/files/1/0268/4449/5987/products/mia-embellished-cross-pocket-low-rise-y2k-jeans-3_1080x.jpg?v=1653042017,mia-embellished-cross-pocket-low-rise-y2k-jeans-3_1080x.jpg
Billie Patch Prints Zip Up Hoodie Jacket,в‚¬70.00,EUR,https://cdn.shopify.com/s/files/1/0268/4449/5987/products/billie-patch-prints-zip-up-hoodie-jacket-12_1080x.jpg?v=1653037397,billie-patch-prints-zip-up-hoodie-jacket-12_1080x.jpg
Fortune Wings Grey Tie Dye T-Shirt,в‚¬33.00,EUR,https://cdn.shopify.com/s/files/1/0268/4449/5987/products/fortune-wings-grey-tie-dye-t-shirt-4_1080x.jpg?v=1653046887,fortune-wings-grey-tie-dye-t-shirt-4_1080x.jpg
Skull Crossbones Black Vest Top,в‚¬33.00,EUR,https://cdn.shopify.com/s/files/1/0268/4449/5987/products/skull-crossbones-black-vest-top-9_1080x.jpg?v=1668187831,skull-crossbones-black-vest-top-9_1080x.jpg
Elsie Tie Front Frill Crochet Crop Cardigan,в‚¬60.00,EUR,https://cdn.shopify.com/s/files/1/0268/4449/5987/products/elsie-tie-front-frill-white-crochet-cardigan-4_1080x.jpg?v=1653040472,elsie-tie-front-frill-white-crochet-cardigan-4_1080x.jpg
Raven Ruffle Lace Maxi Skirt,в‚¬66.00,EUR,https://cdn.shopify.com/s/files/1/0268/4449/5987/products/raven-ruffle-lace-black-maxi-skirt-1_1080x.jpg?v=1653042809,raven-ruffle-lace-black-maxi-skirt-1_1080x.jpg
Cleo Grey Y2k Cargo Pants,в‚¬84.00,EUR,https://cdn.shopify.com/s/files/1/0268/4449/5987/products/cleo-grey-y2k-cargo-pants-4_1080x.jpg?v=1653038141,cleo-grey-y2k-cargo-pants-4_1080x.jpg
Smoke Stripes Hooded Knit Jumper,в‚¬60.00,EUR,https://cdn.shopify.com/s/files/1/0268/4449/5987/products/smoke-stripes-hooded-knit-jumper-8_1080x.jpg?v=1653043611,smoke-stripes-hooded-knit-jumper-8_1080x.jpg
Avril Distressed Cut Out Net Knit Jumper,в‚¬60.00,EUR,https://cdn.shopify.com/s/files/1/0268/4449/5987/products/avril-distressed-off-shoulder-knit-jumper-11_1080x.jpg?v=1653036679,avril-distressed-off-shoulder-knit-jumper-11_1080x.jpg
Crown Of Thorns Silver Necklace Set,в‚¬22.00,EUR,https://cdn.shopify.com/s/files/1/0268/4449/5987/products/crown-of-thorns-silver-necklace-set-minga-london-7_1080x.jpg?v=1653063730,crown-of-thorns-silver-necklace-set-minga-london-7_1080x.jpg
Kat Washed Grey Denim Y2k Mini Skirt,в‚¬60.00,EUR,https://cdn.shopify.com/s/files/1/0268/4449/5987/products/kat-washed-grey-denim-ruffle-mini-skirt-5_1080x.jpg?v=1653041153,kat-washed-grey-denim-ruffle-mini-skirt-5_1080x.jpg
Strass Heart Wings Crop Top,в‚¬38.00,EUR,https://cdn.shopify.com/s/files/1/0268/4449/5987/products/strass-heart-wings-dark-grey-crop-top-minga-london-2_1080x.jpg?v=1653064986,strass-heart-wings-dark-grey-crop-top-minga-london-2_1080x.jpg
Winged Heart Raglan Baby Tee,в‚¬31.00,EUR,https://cdn.shopify.com/s/files/1/0268/4449/5987/products/winged-heart-raglan-baby-tee-3_1080x.jpg?v=1653044615,winged-heart-raglan-baby-tee-3_1080x.jpg
Chunky Ribbed Leg Warmers,в‚¬12.00,EUR,https://cdn.shopify.com/s/files/1/0268/4449/5987/products/minga-london-chunky-ribbed-leg-warmers-7_1080x.jpg?v=1637337353,minga-london-chunky-ribbed-leg-warmers-7_1080x.jpg
Punk Girl Studded Buckle Belt,в‚¬22.00,EUR,https://cdn.shopify.com/s/files/1/0268/4449/5987/products/punk-girl-black-studded-buckle-belt-2_1080x.jpg?v=1653042535,punk-girl-black-studded-buckle-belt-2_1080x.jpg
Liv Washed Grey Denim Y2k Waistcoat,в‚¬54.00,EUR,https://cdn.shopify.com/s/files/1/0268/4449/5987/products/liv-washed-grey-denim-waistcoat-5_1080x.jpg?v=1653041544,liv-washed-grey-denim-waistcoat-5_1080x.jpg
Forest Fairy Tie Dye T-shirt,в‚¬33.00,EUR,https://cdn.shopify.com/s/files/1/0268/4449/5987/products/minga-london-forest-fairy-tie-dye-t-shirt-14_1080x.jpg?v=1642152202,minga-london-forest-fairy-tie-dye-t-shirt-14_1080x.jpg
Aspen Jacquard Knit Jumper,в‚¬70.00,EUR,https://cdn.shopify.com/s/files/1/0268/4449/5987/products/minga-london-aspen-jacquard-knit-jumper-12_1080x.jpg?v=1642001201,minga-london-aspen-jacquard-knit-jumper-12_1080x.jpg
Foggy Green Ruffle Lace Maxi Skirt,в‚¬66.00,EUR,https://cdn.shopify.com/s/files/1/0268/4449/5987/products/minga-london-foggy-green-ruffle-lace-maxi-skirt-3_1080x.jpg?v=1642000223,minga-london-foggy-green-ruffle-lace-maxi-skirt-3_1080x.jpg
Fairy Wings Zip Up Hoodie Jacket,в‚¬66.00,EUR,https://cdn.shopify.com/s/files/1/0268/4449/5987/products/minga-london-fairy-wings-zip-up-hoodie-jacket-5_1080x.jpg?v=1644230637,minga-london-fairy-wings-zip-up-hoodie-jacket-5_1080x.jpg
Anime Striped Oversized Long Sleeve T-shirt,в‚¬38.00,EUR,https://cdn.shopify.com/s/files/1/0268/4449/5987/products/minga-london-anime-striped-oversized-long-sleeve-t-shirt-10_1080x.jpg?v=1637335353,minga-london-anime-striped-oversized-long-sleeve-t-shirt-10_1080x.jpg
Faye Striped Knit Cardigan,в‚¬70.00,EUR,https://cdn.shopify.com/s/files/1/0268/4449/5987/products/minga-london-faye-striped-knit-cardigan-11_1080x.jpg?v=1649078981,minga-london-faye-striped-knit-cardigan-11_1080x.jpg
Grey Corduroy Pleated Mini Skirt,в‚¬60.00,EUR,https://cdn.shopify.com/s/files/1/0268/4449/5987/products/minga-london-grey-corduroy-pleated-mini-skirt-6_1080x.jpg?v=1641998633,minga-london-grey-corduroy-pleated-mini-skirt-6_1080x.jpg
Ancient Butterfly Charcoal Grey T-shirt,в‚¬33.00,EUR,https://cdn.shopify.com/s/files/1/0268/4449/5987/products/minga-london-ancient-butterfly-charcoal-grey-tshirt-3_1080x.jpg?v=1642000533,minga-london-ancient-butterfly-charcoal-grey-tshirt-3_1080x.jpg
Snow White Ruffle Lace Maxi Skirt,в‚¬66.00,EUR,https://cdn.shopify.com/s/files/1/0268/4449/5987/products/minga-london-white-ruffle-lace-maxi-skirt_1080x.jpg?v=1659088094,minga-london-white-ruffle-lace-maxi-skirt_1080x.jpg
Cleo Argyle Purple Knit Vest,в‚¬54.00,EUR,https://cdn.shopify.com/s/files/1/0268/4449/5987/products/minga-london-cleo-argyle-purple-knit-vest-15_1080x.jpg?v=1642117519,minga-london-cleo-argyle-purple-knit-vest-15_1080x.jpg
Skull Kid Black Distressed Jumper,в‚¬66.00,EUR,https://cdn.shopify.com/s/files/1/0268/4449/5987/products/minga-london-skull-kid-black-distressed-jumper-13_1080x.jpg?v=1637334119,minga-london-skull-kid-black-distressed-jumper-13_1080x.jpg
Division Grey Black Red Argyle Knitted Jumper,в‚¬70.00,EUR,https://cdn.shopify.com/s/files/1/0268/4449/5987/products/minga-london-division-grey-black-red-argyle-knitted-jumper-4_1080x.jpg?v=1637334593,minga-london-division-grey-black-red-argyle-knitted-jumper-4_1080x.jpg
Fairy Girl Vest Top,в‚¬33.00,EUR,https://cdn.shopify.com/s/files/1/0268/4449/5987/products/minga-london-fairy-girl-vest-top-18_1080x.jpg?v=1637336074,minga-london-fairy-girl-vest-top-18_1080x.jpg
Stained Eyes Graphic Mesh Crop Top,в‚¬33.00,EUR,https://cdn.shopify.com/s/files/1/0268/4449/5987/products/minga-london-stained-eyes-graphic-mesh-crop-top-8_1080x.jpg?v=1637337075,minga-london-stained-eyes-graphic-mesh-crop-top-8_1080x.jpg
Lex Yeux Graphic Crop Top,в‚¬33.00,EUR,https://cdn.shopify.com/s/files/1/0268/4449/5987/products/minga-london-lex-yeux-graphic-black-crop-top-13_1080x.jpg?v=1637334687,minga-london-lex-yeux-graphic-black-crop-top-13_1080x.jpg
I See You Eye Graphic Baby Tee,в‚¬33.00,EUR,https://cdn.shopify.com/s/files/1/0268/4449/5987/products/minga-london-i-see-you-eye-graphic-red-crop-tee-8_1080x.jpg?v=1637336234,minga-london-i-see-you-eye-graphic-red-crop-tee-8_1080x.jpg
No Problem Striped Cut Out Top,в‚¬54.00,EUR,https://cdn.shopify.com/s/files/1/0268/4449/5987/products/minga-london-no-problem-cold-shoulder-striped-rib-top-12_1080x.jpg?v=1637336486,minga-london-no-problem-cold-shoulder-striped-rib-top-12_1080x.jpg
Iris Zip Up Hood Knit Cardigan,в‚¬95.00,EUR,https://cdn.shopify.com/s/files/1/0268/4449/5987/products/minga-london-iris-oversized-knit-cardigan_1080x.jpg?v=1634201326,minga-london-iris-oversized-knit-cardigan_1080x.jpg
Jade Overdye Front Pocket Flare Jeans,в‚¬70.00,EUR,https://cdn.shopify.com/s/files/1/0268/4449/5987/products/minga-london-jade-overdye-front-pocket-flare-jeans_1080x.jpg?v=1634201352,minga-london-jade-overdye-front-pocket-flare-jeans_1080x.jpg
Granny Jacquard Knit Jumper,в‚¬66.00,EUR,https://cdn.shopify.com/s/files/1/0268/4449/5987/products/granny-jacquard-knit-jumper_1080x.jpg?v=1638803230,granny-jacquard-knit-jumper_1080x.jpg
Cross Your Mind Drop Earrings,в‚¬12.00,EUR,https://cdn.shopify.com/s/files/1/0268/4449/5987/products/minga-london-cross-earrings_1080x.jpg?v=1634204031,minga-london-cross-earrings_1080x.jpg
Moss Striped Knit Jumper,в‚¬66.00,EUR,https://cdn.shopify.com/s/files/1/0268/4449/5987/products/minga-london-moss-striped-knit-jumper_1080x.jpg?v=1634202624,minga-london-moss-striped-knit-jumper_1080x.jpg
Imaginarium Diamante Vest Top,в‚¬33.00,EUR,https://cdn.shopify.com/s/files/1/0268/4449/5987/products/minga-london-imaginarium-heart-winfs-diamond-vest-top_1080x.jpg?v=1634201263,minga-london-imaginarium-heart-winfs-diamond-vest-top_1080x.jpg
Bohemian Fairy Ruffle Lace Maxi Skirt,в‚¬66.00,EUR,https://cdn.shopify.com/s/files/1/0268/4449/5987/products/bohemian-fairy-ruffle-lace-midi-skirt-minga-london_1080x.jpg?v=1634155524,bohemian-fairy-ruffle-lace-midi-skirt-minga-london_1080x.jpg
Venus Mesh Crop Top,в‚¬33.00,EUR,https://cdn.shopify.com/s/files/1/0268/4449/5987/products/minga-london-venus-mesh-crop-top-1_1080x.jpg?v=1634201704,minga-london-venus-mesh-crop-top-1_1080x.jpg
Eve Y2k Cargo Pants,в‚¬70.00,EUR,https://cdn.shopify.com/s/files/1/0268/4449/5987/products/minga-london-eve-y2k-cargo-olive-jeans_1080x.jpg?v=1634203544,minga-london-eve-y2k-cargo-olive-jeans_1080x.jpg
Brown Corduroy Pleated Mini Skirt,в‚¬60.00,EUR,https://cdn.shopify.com/s/files/1/0268/4449/5987/products/minga-london-brown-corduroy-pleated-mini-skirt_1080x.jpg?v=1634202598,minga-london-brown-corduroy-pleated-mini-skirt_1080x.jpg
Minga Flowers & Butterflies High Neck Sweater,в‚¬48.00,EUR,https://cdn.shopify.com/s/files/1/0268/4449/5987/products/minga-london-minga-flowers-butterflies-oversized-high-neck-sweatshirt_1080x.jpg?v=1634155436,minga-london-minga-flowers-butterflies-oversized-high-neck-sweatshirt_1080x.jpg
Retro Flower Striped Knit Jumper,в‚¬66.00,EUR,https://cdn.shopify.com/s/files/1/0268/4449/5987/products/9D1A5119-407D-479E-B61A-426459FA371E_1080x.jpg?v=1634315415,9D1A5119-407D-479E-B61A-426459FA371E_1080x.jpg
Free Spirit Embroidered Corduroy Pants,в‚¬70.00,EUR,https://cdn.shopify.com/s/files/1/0268/4449/5987/products/minga-london-free-spirit-embroidered-corduroy-straight-leg-pants-2_1080x.jpg?v=1634155492,minga-london-free-spirit-embroidered-corduroy-straight-leg-pants-2_1080x.jpg
Mythical Butterfly Pearl Necklace,в‚¬18.00,EUR,https://cdn.shopify.com/s/files/1/0268/4449/5987/products/002_f08ff746-6f49-4607-89b8-0f0bae3ab6a7_1080x.jpg?v=1634155559,002_f08ff746-6f49-4607-89b8-0f0bae3ab6a7_1080x.jpg
Minga Logo Zip Up Hoodie Jacket,в‚¬60.00,EUR,https://cdn.shopify.com/s/files/1/0268/4449/5987/products/minga-logo-zip-up-hoodie-jacket-6_1080x.jpg?v=1634202389,minga-logo-zip-up-hoodie-jacket-6_1080x.jpg
Butterflies In My Stomach T-shirt,в‚¬33.00,EUR,https://cdn.shopify.com/s/files/1/0268/4449/5987/products/03-047403-1_1080x.png?v=1634202743,03-047403-1_1080x.png
Striped Arm Warmers,в‚¬12.00,EUR,https://cdn.shopify.com/s/files/1/0268/4449/5987/products/gift_1080x.jpg?v=1637228982,gift_1080x.jpg
Green Shades Argyle Knitted Jumper,в‚¬70.00,EUR,https://cdn.shopify.com/s/files/1/0268/4449/5987/products/green-shades-argyle-knitted-jumper-3_1080x.jpg?v=1637455925,green-shades-argyle-knitted-jumper-3_1080x.jpg
Alaska Sweater,в‚¬42.00,EUR,https://cdn.shopify.com/s/files/1/0268/4449/5987/products/Alaska-Brown-Sweater-Sweatshirt1_1080x.jpg?v=1634199711,Alaska-Brown-Sweater-Sweatshirt1_1080x.jpg
Trippy Mushrooms Baby Tee,в‚¬30.00,EUR,https://cdn.shopify.com/s/files/1/0268/4449/5987/products/minga-london-trippy-mushrooms-crop-tee-13_1080x.jpg?v=1634201269,minga-london-trippy-mushrooms-crop-tee-13_1080x.jpg
Grunge Forever Necklace Set,в‚¬22.00,EUR,https://cdn.shopify.com/s/files/1/0268/4449/5987/products/minga-london-grunge-necklace-pack-1-2_1080x.jpg?v=1634200625,minga-london-grunge-necklace-pack-1-2_1080x.jpg
Brooklyn USA Striped Jumper,в‚¬66.00,EUR,https://cdn.shopify.com/s/files/1/0268/4449/5987/products/BrooklynUSAStripedJumper4_1080x.jpg?v=1647967382,BrooklynUSAStripedJumper4_1080x.jpg
Fragile Angels Sweater,в‚¬42.00,EUR,https://cdn.shopify.com/s/files/1/0268/4449/5987/products/angels1_a2e54fc7-8f34-4f78-97c9-87ef656e4651-3_1080x.jpg?v=1634249625,angels1_a2e54fc7-8f34-4f78-97c9-87ef656e4651-3_1080x.jpg
Montana Colourblock Sweater,в‚¬48.00,EUR,https://cdn.shopify.com/s/files/1/0268/4449/5987/products/MontanaColourblockSweater9_1080x.jpg?v=1634202629,MontanaColourblockSweater9_1080x.jpg
Secret Mushroom Striped Cut Out Top,в‚¬54.00,EUR,https://cdn.shopify.com/s/files/1/0268/4449/5987/products/minga-london-secret-mushroom-striped-cut-out-top-7_1080x.jpg?v=1642118694,minga-london-secret-mushroom-striped-cut-out-top-7_1080x.jpg
Brown Beige Colour Block Bomber Jacket,в‚¬48.00,EUR,https://cdn.shopify.com/s/files/1/0268/4449/5987/products/brown-beige-color-block-bomber-jacket_1080x.jpg?v=1634202425,brown-beige-color-block-bomber-jacket_1080x.jpg
Fragile Angels T-shirt,в‚¬33.00,EUR,https://cdn.shopify.com/s/files/1/0268/4449/5987/products/TESTE0530_2-4_1080x.jpg?v=1634250386,TESTE0530_2-4_1080x.jpg
Minga Logo Zip Up Hoodie Jacket in Blue Grey,в‚¬60.00,EUR,https://cdn.shopify.com/s/files/1/0268/4449/5987/products/MingaLogoZipUpHoodieJacketinBlueGrey3_1080x.jpg?v=1634202364,MingaLogoZipUpHoodieJacketinBlueGrey3_1080x.jpg
Smash Patchwork Striped Jeans,в‚¬76.00,EUR,https://cdn.shopify.com/s/files/1/0268/4449/5987/products/SmashPatchworkStripedJeans9_1080x.jpg?v=1634200140,SmashPatchworkStripedJeans9_1080x.jpg
Deb Black Cargo Maxi Skirt,в‚¬70.00,EUR,https://cdn.shopify.com/s/files/1/0268/4449/5987/products/deb-black-cargo-maxi-skirt-16_1080x.jpg?v=1654267785,deb-black-cargo-maxi-skirt-16_1080x.jpg
Ariel Golden Yellow Knitted Flare Crop Top,в‚¬54.00,EUR,https://cdn.shopify.com/s/files/1/0268/4449/5987/products/minga-london-ariel-golden-yellow-knitted-flare-crop-top9_1080x.jpg?v=1649235318,minga-london-ariel-golden-yellow-knitted-flare-crop-top9_1080x.jpg
Cosmos Purple Mesh Crop Top,в‚¬33.00,EUR,https://cdn.shopify.com/s/files/1/0268/4449/5987/products/minga-london-cosmos-purple-mesh-crop-top-13_1080x.jpg?v=1649235975,minga-london-cosmos-purple-mesh-crop-top-13_1080x.jpg
Astral Black Embroidered Denim Mom Shorts,в‚¬60.00,EUR,https://cdn.shopify.com/s/files/1/0268/4449/5987/products/minga-london-astral-black-embroidered-denim-mom-shorts6_1080x.jpg?v=1649235498,minga-london-astral-black-embroidered-denim-mom-shorts6_1080x.jpg
Bea Flower Power Rainbow Knit Jumper,в‚¬66.00,EUR,https://cdn.shopify.com/s/files/1/0268/4449/5987/products/bea-flower-power-rainbow-knit-jumper-16_1080x.jpg?v=1654267156,bea-flower-power-rainbow-knit-jumper-16_1080x.jpg
Elfie Tie Front Knit Sleveless Cardigan,в‚¬60.00,EUR,https://cdn.shopify.com/s/files/1/0268/4449/5987/products/minga-london-eflie-tie-front-knit-sleveless-cardigan24_1080x.jpg?v=1649236128,minga-london-eflie-tie-front-knit-sleveless-cardigan24_1080x.jpg
Bohemian Fairy Gemstone Necklace Set,в‚¬22.00,EUR,https://cdn.shopify.com/s/files/1/0268/4449/5987/products/minga-london-bohemian-fairy-gemstone-necklace-set2_1080x.jpg?v=1649235635,minga-london-bohemian-fairy-gemstone-necklace-set2_1080x.jpg
Minga x Strangervinyl Yellow Corduroy Bucket Hat,в‚¬24.00,EUR,https://cdn.shopify.com/s/files/1/0268/4449/5987/products/minga-x-strangervinyl-yellow-corduroy-bucket-hat-3_1080x.jpg?v=1646672977,minga-x-strangervinyl-yellow-corduroy-bucket-hat-3_1080x.jpg
Denim Skater Jeans in Mid Blue,в‚¬66.00,EUR,https://cdn.shopify.com/s/files/1/0268/4449/5987/products/Denim_Product5166_1_1080x.jpg?v=1660311321,Denim_Product5166_1_1080x.jpg
Minga x Strangervinyl Rainbow Patchwork Cardigan,в‚¬77.00,EUR,https://cdn.shopify.com/s/files/1/0268/4449/5987/products/minga-x-strangervinyl-rainbow-patchwork-cardigan-18_1080x.jpg?v=1646672471,minga-x-strangervinyl-rainbow-patchwork-cardigan-18_1080x.jpg
Minga x Strangervinyl Primary Colour Block Polo,в‚¬54.00,EUR,https://cdn.shopify.com/s/files/1/0268/4449/5987/products/minga-x-strangervinyl-primary-colour-block-polo-2_1080x.jpg?v=1646671879,minga-x-strangervinyl-primary-colour-block-polo-2_1080x.jpg
Minga x Strangervinyl Happy Flower Rainbow Check Vest,в‚¬60.00,EUR,https://cdn.shopify.com/s/files/1/0268/4449/5987/products/minga-x-strangervinyl-happy-flower-rainbow-check-vest_1080x.jpg?v=1646671658,minga-x-strangervinyl-happy-flower-rainbow-check-vest_1080x.jpg
Minga x Betty Boop Check Jeans,в‚¬70.00,EUR,https://cdn.shopify.com/s/files/1/0268/4449/5987/products/minga-london-minga-x-betty-boop-check-jeans-3_1080x.jpg?v=1644343646,minga-london-minga-x-betty-boop-check-jeans-3_1080x.jpg
Minga x Betty Boop Check Knit Jumper,в‚¬70.00,EUR,https://cdn.shopify.com/s/files/1/0268/4449/5987/products/minga-london_minga-x-betty-boop-check-knit-jumper-5_1080x.jpg?v=1644582953,minga-london_minga-x-betty-boop-check-knit-jumper-5_1080x.jpg
Texas Star Ribbed Vest Top,в‚¬31.00,EUR,https://cdn.shopify.com/s/files/1/0268/4449/5987/products/minga-london-texas-star-ribbed-vest-top-8_1080x.jpg?v=1647959151,minga-london-texas-star-ribbed-vest-top-8_1080x.jpg
Estate Half-Zip Sweatshirt,в‚¬54.00,EUR,https://cdn.shopify.com/s/files/1/0268/4449/5987/products/EstateHalf-Zip4_1080x.jpg?v=1634203603,EstateHalf-Zip4_1080x.jpg
Brown Beige Argyle Knitted Jumper,в‚¬70.00,EUR,https://cdn.shopify.com/s/files/1/0268/4449/5987/products/brown-beige-argyle-knitted-jumper_1080x.jpg?v=1634202341,brown-beige-argyle-knitted-jumper_1080x.jpg
Yellow Check Knitted Sweater Vest,в‚¬53.00,EUR,https://cdn.shopify.com/s/files/1/0268/4449/5987/products/minga-london-yellow-check-knitted-sweater-vest-6_1080x.jpg?v=1634202311,minga-london-yellow-check-knitted-sweater-vest-6_1080x.jpg
Cleveland Team Sweater,в‚¬42.00,EUR,https://cdn.shopify.com/s/files/1/0268/4449/5987/products/ClevelandTeamSweater3_1080x.jpg?v=1634203759,ClevelandTeamSweater3_1080x.jpg
Rodeo Striped Vest Top,в‚¬33.00,EUR,https://cdn.shopify.com/s/files/1/0268/4449/5987/products/RodeoStripedVestTop3_1080x.jpg?v=1634199634,RodeoStripedVestTop3_1080x.jpg
Blue Beige Argyle Knitted Cardigan,в‚¬70.00,EUR,https://cdn.shopify.com/s/files/1/0268/4449/5987/products/blue-beige-argyle-knitted-cardigan_1080x.jpg?v=1633981577,blue-beige-argyle-knitted-cardigan_1080x.jpg
Authentic Baby Tee,в‚¬24.40,EUR,https://cdn.shopify.com/s/files/1/0268/4449/5987/products/AuthenticBabyTee1_789ed2bb-bc05-44c3-9255-cca07c23f9e0_1080x.jpg?v=1634201120,AuthenticBabyTee1_789ed2bb-bc05-44c3-9255-cca07c23f9e0_1080x.jpg
Distorted Check Mesh Top,в‚¬26.00,EUR,https://cdn.shopify.com/s/files/1/0268/4449/5987/products/distorted-check-mesh-top-2_1080x.jpg?v=1659712989,distorted-check-mesh-top-2_1080x.jpg
Orange Garden Lace Cami Top,в‚¬30.00,EUR,https://cdn.shopify.com/s/files/1/0268/4449/5987/products/minga-london-orange-garden-lace-cami-top-9_1080x.jpg?v=1647962800,minga-london-orange-garden-lace-cami-top-9_1080x.jpg
Hokusai Art Collection T-shirt,в‚¬33.00,EUR,https://cdn.shopify.com/s/files/1/0268/4449/5987/products/hokusai-art-collection-t-shirt-1_1080x.jpg?v=1634201116,hokusai-art-collection-t-shirt-1_1080x.jpg
Cow Print Parallel Jeans,в‚¬70.00,EUR,https://cdn.shopify.com/s/files/1/0268/4449/5987/products/minga-london-cow-print-parallel-jeans-7_1080x.jpg?v=1648036011,minga-london-cow-print-parallel-jeans-7_1080x.jpg
Joy Check Denim Mom Shorts,в‚¬53.00,EUR,https://cdn.shopify.com/s/files/1/0268/4449/5987/products/minga-london-joy-check-orange-blue-denim-mom-shorts-4_1080x.jpg?v=1634201578,minga-london-joy-check-orange-blue-denim-mom-shorts-4_1080x.jpg
Milkshake Argyle Knitted Sweater Vest,в‚¬54.00,EUR,https://cdn.shopify.com/s/files/1/0268/4449/5987/products/minga-london-milkshake-argyle-knitted-sweater-vest-8_1080x.jpg?v=1647960714,minga-london-milkshake-argyle-knitted-sweater-vest-8_1080x.jpg
Vivid Tie Dye Patchwork Midi Skirt,в‚¬53.00,EUR,https://cdn.shopify.com/s/files/1/0268/4449/5987/products/MatildeCunha-MingaLondon09-06-20211093_1080x.jpg?v=1634201879,MatildeCunha-MingaLondon09-06-20211093_1080x.jpg
Brown Beige Patchwork Contrast Sweater,в‚¬47.00,EUR,https://cdn.shopify.com/s/files/1/0268/4449/5987/products/brown-beige-patchwork-contrast-sweater-1_1080x.jpg?v=1634202438,brown-beige-patchwork-contrast-sweater-1_1080x.jpg
Lucy Bandana Scarf Top,в‚¬29.00,EUR,https://cdn.shopify.com/s/files/1/0268/4449/5987/products/minga-london-lucy-bandana-print-pink-scarf-top_1080x.jpg?v=1634202096,minga-london-lucy-bandana-print-pink-scarf-top_1080x.jpg
Sailor Moon Cute T-shirt,в‚¬22.00,EUR,https://cdn.shopify.com/s/files/1/0268/4449/5987/products/sailor-moon-cute-blue-t-shirt-2_1080x.jpg?v=1656432151,sailor-moon-cute-blue-t-shirt-2_1080x.jpg
Angelic Clouds Hoodie,в‚¬46.00,EUR,https://cdn.shopify.com/s/files/1/0268/4449/5987/products/angelic-clouds-hoodie-6_1080x.jpg?v=1634200506,angelic-clouds-hoodie-6_1080x.jpg
Culture Chinese Dragon Lettuce Edge Baby Tee,в‚¬29.00,EUR,https://cdn.shopify.com/s/files/1/0268/4449/5987/products/culture-chinese-dragon-lettuce-edge-crop-top-3_1e65e296-cb01-41e2-bf5d-c168d7b75617_1080x.jpg?v=1634204092,culture-chinese-dragon-lettuce-edge-crop-top-3_1e65e296-cb01-41e2-bf5d-c168d7b75617_1080x.jpg
Flora Gingham Mini Skirt,в‚¬47.00,EUR,https://cdn.shopify.com/s/files/1/0268/4449/5987/products/minga-london-flora-sky-blue-gingham-check-mini-skirt-9_1080x.jpg?v=1634199792,minga-london-flora-sky-blue-gingham-check-mini-skirt-9_1080x.jpg
Vanilla Yellow Denim Mom Jeans,в‚¬65.00,EUR,https://cdn.shopify.com/s/files/1/0268/4449/5987/products/minga-london-vanilla-yellow-denim-mom-jeans-11_1080x.jpg?v=1634308685,minga-london-vanilla-yellow-denim-mom-jeans-11_1080x.jpg
Cute Ribbed Vest Crop Top,в‚¬30.00,EUR,https://cdn.shopify.com/s/files/1/0268/4449/5987/products/cute-ribbed-vest-crop-top_1080x.jpg?v=1634204170,cute-ribbed-vest-crop-top_1080x.jpg
Pastel Striped Knit Sweater Vest,в‚¬54.00,EUR,https://cdn.shopify.com/s/files/1/0268/4449/5987/products/minga-london-pastel-striped-knit-sweater-vest_1080x.jpg?v=1634202930,minga-london-pastel-striped-knit-sweater-vest_1080x.jpg
Bandana Indigo Denim Shorts,в‚¬52.00,EUR,https://cdn.shopify.com/s/files/1/0268/4449/5987/products/minga-london-bandana-indigo-denim-shorts-1_1080x.jpg?v=1634201413,minga-london-bandana-indigo-denim-shorts-1_1080x.jpg
Butterfly Denim Mini Skirt,в‚¬58.00,EUR,https://cdn.shopify.com/s/files/1/0268/4449/5987/products/butterfly-denim-00s-y2k-mini-skirt-2_1080x.jpg?v=1634202772,butterfly-denim-00s-y2k-mini-skirt-2_1080x.jpg
Chill Out Lettuce Edge Baby Tee,в‚¬30.00,EUR,https://cdn.shopify.com/s/files/1/0268/4449/5987/products/minga-london-chill-out-white-orange-lettuce-edge-crop-top-3_1080x.jpg?v=1634203626,minga-london-chill-out-white-orange-lettuce-edge-crop-top-3_1080x.jpg
