brand,name,price,currency,image,filename,product_url
,Blue Lettuce Hem T-Shirt ,7.00,GBP,https://dxs8u2q9547g0.cloudfront.net/sys-master/products/h95/hb5/14409998794782/141787695_Blue_01.jpg_SUPERZOOM,141787695_Blue_01.jpg,https://tuclothing.sainsburys.co.uk/p/Blue-Lettuce-Hem-T-Shirt-/141787695-Blue
,Blue Classic Ribbed Skinny Fit Vest,5.00,GBP,https://dxs8u2q9547g0.cloudfront.net/sys-master/products/h2d/h44/14415335587870/141763618_Blue_01.jpg_SUPERZOOM,141763618_Blue_01.jpg,https://tuclothing.sainsburys.co.uk/p/Blue-Classic-Ribbed-Skinny-Fit-Vest/141763618-Blue
,Lilac Classic Ribbed Skinny Fit Vest,5.00,GBP,https://dxs8u2q9547g0.cloudfront.net/sys-master/products/h9d/h43/14415408857118/141763618_Pink_01.jpg_SUPERZOOM,141763618_Pink_01.jpg,https://tuclothing.sainsburys.co.uk/p/Lilac-Classic-Ribbed-Skinny-Fit-Vest/141763618-Pink
,Pink Lettuce Hem T-Shirt,7.00,GBP,https://dxs8u2q9547g0.cloudfront.net/sys-master/products/h15/h56/14409978707998/141787695_LightPink_01.jpg_SUPERZOOM,141787695_LightPink_01.jpg,https://tuclothing.sainsburys.co.uk/p/Pink-Lettuce-Hem-T-Shirt/141787695-LightPink
,Orange Tropical Coord Shirt,15.00,GBP,https://dxs8u2q9547g0.cloudfront.net/sys-master/products/h25/hd4/14409985261598/142117992_Orange_01.jpg_SUPERZOOM,142117992_Orange_01.jpg,https://tuclothing.sainsburys.co.uk/p/Orange-Tropical-Coord-Shirt/142117992-Orange
,Cobalt Blue Collared Skinny Fit Rib Top,10.00,GBP,https://dxs8u2q9547g0.cloudfront.net/sys-master/products/h87/h8c/14407836205086/141693939_Blue_01.jpg_SUPERZOOM,141693939_Blue_01.jpg,https://tuclothing.sainsburys.co.uk/p/Cobalt-Blue-Collared-Skinny-Fit-Rib-Top/141693939-Blue
,Raspberry Broderie Sleeve Top,15.00,GBP,https://dxs8u2q9547g0.cloudfront.net/sys-master/products/hf5/hd9/14373233590302/141881403_Red_01.jpg_SUPERZOOM,141881403_Red_01.jpg,https://tuclothing.sainsburys.co.uk/p/Raspberry-Broderie-Sleeve-Top/141881403-Red
,Tan Longline Relaxed Fit T-Shirt,9.00,GBP,https://dxs8u2q9547g0.cloudfront.net/sys-master/products/h5f/h29/14362336428062/141628125_Brown_01.jpg_SUPERZOOM,141628125_Brown_01.jpg,https://tuclothing.sainsburys.co.uk/p/Tan-Longline-Relaxed-Fit-T-Shirt/141628125-Brown
,Blue Relaxed Fit Chambray Shirt,18.00,GBP,https://dxs8u2q9547g0.cloudfront.net/sys-master/products/hbc/haf/14388684750878/141927619_Blue_01.jpg_SUPERZOOM,141927619_Blue_01.jpg,https://tuclothing.sainsburys.co.uk/p/Blue-Relaxed-Fit-Chambray-Shirt/141927619-Blue
,Bright Check Relaxed Fit Shirt,18.00,GBP,https://dxs8u2q9547g0.cloudfront.net/sys-master/products/h5a/h5b/14391645634590/141927758_Red_01.jpg_SUPERZOOM,141927758_Red_01.jpg,https://tuclothing.sainsburys.co.uk/p/Bright-Check-Relaxed-Fit-Shirt/141927758-Red
,Black V Front & Back Relaxed Fit Vest Top,6.00,GBP,https://dxs8u2q9547g0.cloudfront.net/sys-master/products/hdc/h37/14402922840094/141756320_Black_01.jpg_SUPERZOOM,141756320_Black_01.jpg,https://tuclothing.sainsburys.co.uk/p/Black-V-Front-%26-Back-Relaxed-Fit-Vest-Top/141756320-Black
,Navy V Front & Back Relaxed Fit Vest Top,6.00,GBP,https://dxs8u2q9547g0.cloudfront.net/sys-master/products/h0c/ha8/14402905407518/141756320_Navy_01.jpg_SUPERZOOM,141756320_Navy_01.jpg,https://tuclothing.sainsburys.co.uk/p/Navy-V-Front-%26-Back-Relaxed-Fit-Vest-Top/141756320-Navy
,Green Drop Hem T-Shirt,6.00,GBP,https://dxs8u2q9547g0.cloudfront.net/sys-master/products/h4b/ha6/14395295268894/141605847_Green_01.jpg_SUPERZOOM,141605847_Green_01.jpg,https://tuclothing.sainsburys.co.uk/p/Green-Drop-Hem-T-Shirt/141605847-Green
,Blue Floral Print Pintuck Sleeveless Shirt,15.00,GBP,https://dxs8u2q9547g0.cloudfront.net/sys-master/products/h82/h2d/14388691140638/141854991_Navy_01.jpg_SUPERZOOM,141854991_Navy_01.jpg,https://tuclothing.sainsburys.co.uk/p/Blue-Floral-Print-Pintuck-Sleeveless-Shirt/141854991-Navy
,Blue & White Stripe Slim Fit T-Shirt ,6.00,GBP,https://dxs8u2q9547g0.cloudfront.net/sys-master/products/hd7/h95/14407846625310/141794182_MultiColoured_01.jpg_SUPERZOOM,141794182_MultiColoured_01.jpg,https://tuclothing.sainsburys.co.uk/p/Blue-%26-White-Stripe-Slim-Fit-T-Shirt-/141794182-MultiColoured
,Cornflower Blue Broderie Sleeve Top,15.00,GBP,https://dxs8u2q9547g0.cloudfront.net/sys-master/products/h21/h8d/14373258625054/141881403_Blue_01.jpg_SUPERZOOM,141881403_Blue_01.jpg,https://tuclothing.sainsburys.co.uk/p/Cornflower-Blue-Broderie-Sleeve-Top/141881403-Blue
,Pink Slim Fit T-Shirt,5.00,GBP,https://dxs8u2q9547g0.cloudfront.net/sys-master/products/ha8/h43/14407834304542/141587511_Pink_01.jpg_SUPERZOOM,141587511_Pink_01.jpg,https://tuclothing.sainsburys.co.uk/p/Pink-Slim-Fit-T-Shirt/141587511-Pink
,Khaki Relaxed Fit T-Shirt,6.00,GBP,https://dxs8u2q9547g0.cloudfront.net/sys-master/products/hf3/hef/14407845183518/141702655_Khaki_01.jpg_SUPERZOOM,141702655_Khaki_01.jpg,https://tuclothing.sainsburys.co.uk/p/Khaki-Relaxed-Fit-T-Shirt/141702655-Khaki
,Bold Floral Print Boxy Shirt ,15.00,GBP,https://dxs8u2q9547g0.cloudfront.net/sys-master/products/h6b/h86/14407823425566/142574712_MultiColoured_01.jpg_SUPERZOOM,142574712_MultiColoured_01.jpg,https://tuclothing.sainsburys.co.uk/p/Bold-Floral-Print-Boxy-Shirt-/142574712-MultiColoured
